date,code,open,high,low,close,preclose,volume,amount,adjustflag,turn,tradestatus,pctChg,isST
2019-01-02,sh.603906,8.6500,8.7200,8.5500,8.6300,8.4900,1106160,9558959.0000,3,1.185272,1,1.649003,0
2019-01-03,sh.603906,8.5800,8.7200,8.4500,8.4500,8.6300,1062440,9095143.0000,3,1.138425,1,-2.085751,0
2019-01-04,sh.603906,8.3800,8.6900,8.3700,8.6700,8.4500,1271219,10913303.0000,3,1.362136,1,2.603554,0
2019-01-07,sh.603906,8.7500,8.8600,8.6700,8.8000,8.6700,2177817,19073980.0000,3,2.333573,1,1.499425,0
2019-01-08,sh.603906,8.8000,8.9400,8.7100,8.8700,8.8000,2355960,20797817.0000,3,2.524456,1,0.795451,0
2019-01-09,sh.603906,8.8700,9.0400,8.8300,8.8500,8.8700,3145060,28096017.0000,3,3.369992,1,-0.225473,0
2019-01-10,sh.603906,8.8200,8.9500,8.7900,8.8400,8.8500,1977553,17556064.0000,3,2.118986,1,-0.112997,0
2019-01-11,sh.603906,8.8600,8.9500,8.7600,8.9100,8.8400,2261595,19986421.0000,3,2.423342,1,0.791852,0
2019-01-14,sh.603906,8.9000,8.9300,8.7200,8.7400,8.9100,1847432,16277336.0000,3,1.979559,1,-1.907969,0
2019-01-15,sh.603906,8.7400,8.9000,8.6700,8.8800,8.7400,1633480,14387712.0000,3,1.750305,1,1.601835,0
2019-01-16,sh.603906,8.8800,8.9600,8.8400,8.9000,8.8800,1668335,14870718.0000,3,1.787653,1,0.225220,0
2019-01-17,sh.603906,8.9000,9.0300,8.7400,8.7700,8.9000,1866800,16604616.0000,3,2.000312,1,-1.460665,0
2019-01-18,sh.603906,8.7600,8.8600,8.6700,8.7800,8.7700,1767683,15470960.0000,3,1.894106,1,0.114017,0
2019-01-21,sh.603906,8.7800,8.9000,8.7700,8.8700,8.7800,1418123,12556160.0000,3,1.519546,1,1.025059,0
2019-01-22,sh.603906,8.8400,8.8900,8.7100,8.7300,8.8700,1259640,11060152.0000,3,1.349728,1,-1.578358,0
2019-01-23,sh.603906,8.7000,8.8600,8.6600,8.7800,8.7300,1013100,8867481.0000,3,1.085556,1,0.572740,0
2019-01-24,sh.603906,8.7800,8.9200,8.7500,8.8800,8.7800,1419521,12570113.0000,3,1.521044,1,1.138957,0
2019-01-25,sh.603906,8.8900,8.8900,8.7600,8.7600,8.8800,1350040,11924926.0000,3,1.446594,1,-1.351350,0
2019-01-28,sh.603906,8.7800,8.8500,8.5000,8.5100,8.7600,2014640,17482907.0000,3,2.158725,1,-2.853881,0
2019-01-29,sh.603906,8.5000,8.5500,8.0500,8.2400,8.5100,1896100,15613358.0000,3,2.031708,1,-3.172743,0
2019-01-30,sh.603906,8.2000,8.3200,8.0500,8.0500,8.2400,909079,7440171.0000,3,0.974096,1,-2.305820,0
2019-01-31,sh.603906,8.0700,8.2200,7.9200,8.0300,8.0500,890180,7182228.0000,3,0.953845,1,-0.248453,0
2019-02-01,sh.603906,8.1100,8.2600,8.0500,8.2400,8.0300,929419,7608906.0000,3,0.995890,1,2.615194,0
2019-02-11,sh.603906,8.2600,8.4500,8.2400,8.4500,8.2400,1008880,8424333.0000,3,1.081034,1,2.548544,0
2019-02-12,sh.603906,8.4300,8.6600,8.3700,8.6600,8.4500,1655159,14177350.0000,3,1.773535,1,2.485208,0
2019-02-13,sh.603906,8.6100,8.8200,8.5200,8.7800,8.6600,2192459,19088304.0000,3,2.349262,1,1.385680,0
2019-02-14,sh.603906,8.8000,8.9300,8.7200,8.7700,8.7800,2071239,18234777.0000,3,2.219372,1,-0.113887,0
2019-02-15,sh.603906,8.7800,8.8500,8.7100,8.8100,8.7700,1231860,10812631.0000,3,1.319962,1,0.456100,0
2019-02-18,sh.603906,8.8400,9.0300,8.7800,9.0000,8.8100,2533201,22680895.0000,3,2.714373,1,2.156635,0
2019-02-19,sh.603906,8.9900,9.1200,8.8100,8.9800,9.0000,2297506,20635149.0000,3,2.461822,1,-0.222227,0
2019-02-20,sh.603906,9.0600,9.0700,8.9100,9.0300,8.9800,1817400,16346157.0000,3,1.947379,1,0.556795,0
2019-02-21,sh.603906,9.3800,9.7600,9.2300,9.2700,9.0300,9264356,87653520.0000,3,9.926935,1,2.657815,0
2019-02-22,sh.603906,9.1200,9.2900,9.0300,9.2800,9.2700,5224644,47764467.0000,3,5.598306,1,0.107867,0
2019-02-25,sh.603906,9.2800,9.6100,9.2800,9.5700,9.2800,6617241,62619112.0000,3,7.090501,1,3.125000,0
2019-02-26,sh.603906,9.5900,9.7700,9.3900,9.5700,9.5700,6350000,60841092.0000,3,6.804147,1,0.000000,0
2019-02-27,sh.603906,9.5500,9.7200,9.4600,9.6000,9.5700,4278261,41141977.0000,3,4.584239,1,0.313487,0
2019-02-28,sh.603906,9.6800,9.6800,9.4400,9.5200,9.6000,2336940,22311367.0000,3,2.504076,1,-0.833333,0
2019-03-01,sh.603906,9.5600,9.6100,9.4600,9.5400,9.5200,2306698,22005411.0000,3,2.471671,1,0.210079,0
2019-03-04,sh.603906,9.5600,9.7900,9.5600,9.6300,9.5400,4059340,39368271.0000,3,4.349661,1,0.943398,0
2019-03-05,sh.603906,9.6400,9.9900,9.6300,9.9800,9.6300,4550902,44759588.0000,3,4.876379,1,3.634470,0
2019-03-06,sh.603906,10.1000,10.1000,9.8300,10.0300,9.9800,4230142,42128149.0000,3,4.532678,1,0.501004,0
2019-03-07,sh.603906,9.9800,10.3700,9.9300,10.2400,10.0300,4292446,43444412.0000,3,4.599438,1,2.093719,0
2019-03-08,sh.603906,10.0000,10.0900,9.5300,9.5700,10.2400,4291800,42330402.0000,3,4.598746,1,-6.542970,0
2019-03-11,sh.603906,9.5900,10.0900,9.5900,10.0400,9.5700,3058821,30151496.0000,3,3.277585,1,4.911183,0
2019-03-12,sh.603906,10.0000,10.2400,9.9100,10.0600,10.0400,5575370,56156902.0000,3,5.974116,1,0.199208,0
2019-03-13,sh.603906,10.0800,10.3600,9.9200,10.0200,10.0600,4240110,42989250.0000,3,4.543359,1,-0.397614,0
2019-03-14,sh.603906,10.0000,10.0600,9.5200,9.5900,10.0200,3138157,30447859.0000,3,3.362595,1,-4.291420,0
2019-03-15,sh.603906,9.6000,9.8400,9.6000,9.7800,9.5900,2305460,22460407.0000,3,2.470345,1,1.981226,0
2019-03-18,sh.603906,9.8400,10.0900,9.7400,9.9700,9.7800,2495180,24653063.0000,3,2.673633,1,1.942746,0
2019-03-19,sh.603906,10.0200,10.2700,9.9600,10.0500,9.9700,2995935,30205039.0000,3,3.210202,1,0.802406,0
2019-03-20,sh.603906,10.1100,10.1300,9.7800,10.0200,10.0500,2676717,26682835.0000,3,2.868154,1,-0.298505,0
2019-03-21,sh.603906,10.0500,10.4500,10.0100,10.2900,10.0200,4734139,48623442.0000,3,5.072721,1,2.694606,0
2019-03-22,sh.603906,10.2600,10.3000,10.0000,10.1700,10.2900,3224720,32696279.0000,3,3.455349,1,-1.166180,0
2019-03-25,sh.603906,9.9900,10.1800,9.8000,10.0500,10.1700,2368520,23871285.0000,3,2.537915,1,-1.179940,0
2019-03-26,sh.603906,10.1500,10.1500,9.6800,9.7200,10.0500,2362356,23406341.0000,3,2.531310,1,-3.283581,0
2019-03-27,sh.603906,9.7500,9.9500,9.6300,9.9300,9.7200,1953628,19082451.0000,3,2.093350,1,2.160494,0
2019-03-28,sh.603906,9.8200,9.9400,9.6200,9.6300,9.9300,1697108,16633361.0000,3,1.818484,1,-3.021150,0
2019-03-29,sh.603906,9.6800,9.9500,9.5700,9.9500,9.6300,2554956,25142864.0000,3,2.737684,1,3.322946,0
2019-04-01,sh.603906,9.9800,10.2800,9.9500,10.2500,9.9500,3276159,33417342.0000,3,3.510467,1,3.015077,0
2019-04-02,sh.603906,10.3100,10.4200,10.1600,10.1600,10.2500,3340400,34373855.0000,3,3.579303,1,-0.878050,0
2019-04-03,sh.603906,10.2900,10.5500,10.1600,10.5100,10.1600,4693316,48913866.0000,3,5.028978,1,3.444886,0
2019-04-04,sh.603906,10.5100,10.6100,10.4000,10.6100,10.5100,3613980,37948664.0000,3,3.872449,1,0.951469,0
2019-04-08,sh.603906,10.6900,11.0600,10.3400,10.6300,10.6100,5022840,53787690.0000,3,5.382069,1,0.188506,0
2019-04-09,sh.603906,10.4500,10.5900,10.3100,10.4400,10.6300,2869077,29850270.0000,3,3.074271,1,-1.787399,0
2019-04-10,sh.603906,10.4300,10.5700,10.2300,10.4400,10.4400,2524500,26238266.0000,3,2.705050,1,0.000000,0
2019-04-11,sh.603906,10.4400,10.5400,10.2700,10.3200,10.4400,2303791,23934026.0000,3,2.468556,1,-1.149424,0
2019-04-12,sh.603906,10.3200,10.3200,10.1500,10.2200,10.3200,2238282,22860644.0000,3,2.398362,1,-0.968987,0
2019-04-15,sh.603906,10.3000,10.5000,10.2600,10.3000,10.2200,3260940,33825951.0000,3,3.494160,1,0.782778,0
2019-04-16,sh.603906,10.4000,11.1900,10.3200,11.0900,10.3000,12301666,133776756.0000,3,13.181471,1,7.669903,0
2019-04-17,sh.603906,11.0000,12.2000,10.9000,12.2000,11.0900,13499377,154415884.0000,3,14.464842,1,10.009010,0
2019-04-18,sh.603906,12.3000,12.6500,11.1900,11.2400,12.2000,17808058,212264090.0000,3,19.081676,1,-7.868853,0
2019-04-19,sh.603906,11.8800,12.3600,11.8700,12.3600,11.2400,8888245,108575197.0000,3,9.523925,1,9.964412,0
2019-04-22,sh.603906,13.6000,13.6000,12.5100,12.5700,12.3600,27101791,359446178.0000,3,29.040089,1,1.699029,0
2019-04-23,sh.603906,11.6600,11.9600,11.3100,11.3800,12.5700,17744480,205665676.0000,3,19.013551,1,-9.466982,0
2019-04-24,sh.603906,11.6000,12.5200,11.4900,12.5200,11.3800,16909714,205432226.0000,3,18.119083,1,10.017580,0
2019-04-25,sh.603906,12.9000,13.6400,12.5000,12.5700,12.5200,26051006,343146847.0000,3,27.914153,1,0.399355,0
2019-04-26,sh.603906,12.0800,13.8300,12.0800,13.8300,12.5700,10718289,142272102.0000,3,11.484852,1,10.023870,0
2019-04-29,sh.603906,14.7100,14.9400,12.8600,13.0400,13.8300,29346675,414271277.0000,3,31.445525,1,-5.712220,0
2019-04-30,sh.603906,12.5400,14.0000,12.5400,13.7000,13.0400,20996640,280191824.0000,3,22.498303,1,5.061348,0
2019-05-06,sh.603906,12.8000,13.4000,12.3300,12.3300,13.7000,15337680,196369887.0000,3,16.434618,1,-9.999999,0
2019-05-07,sh.603906,12.3000,13.3000,12.0000,12.8000,12.3300,16151576,205526505.0000,3,17.306724,1,3.811843,0
2019-05-08,sh.603906,12.2000,12.3400,11.5800,11.7300,12.8000,15743717,187312456.0000,3,16.869695,1,-8.359380,0
2019-05-09,sh.603906,11.4500,11.6800,10.8300,11.0300,11.7300,12671175,143456873.0000,3,13.577407,1,-5.967603,0
2019-05-10,sh.603906,11.3200,11.9700,11.0000,11.7300,11.0300,12788434,146895872.0000,3,13.703052,1,6.346326,0
2019-05-13,sh.603906,11.7500,11.9900,11.5200,11.6400,11.7300,10681077,125592684.0000,3,11.444979,1,-0.767257,0
2019-05-14,sh.603906,11.4200,11.8500,11.4200,11.4600,11.6400,8938717,104288999.0000,3,9.578007,1,-1.546394,0
2019-05-15,sh.603906,11.7900,12.6100,11.7300,12.6100,11.4600,16866485,206615976.0000,3,18.072762,1,10.034900,0
2019-05-16,sh.603906,12.6800,13.4200,12.3900,13.2300,12.6100,21061593,273355191.0000,3,22.567901,1,4.916732,0
2019-05-17,sh.603906,12.8800,12.9400,11.9900,12.2600,13.2300,14928307,186355625.0000,3,15.995967,1,-7.331817,0
2019-05-20,sh.603906,12.3900,12.4400,11.0400,11.7100,12.2600,9481911,110711242.0000,3,10.160050,1,-4.486135,0
2019-05-21,sh.603906,11.7400,12.8800,11.5600,12.8800,11.7100,11159375,139943321.0000,3,11.957484,1,9.991461,0
2019-05-22,sh.603906,13.2900,13.3600,12.4800,12.6900,12.8800,16720207,214901673.0000,3,17.916023,1,-1.475159,0
2019-05-23,sh.603906,12.7300,13.1300,12.3900,12.6600,12.6900,13043169,166462713.0000,3,13.976006,1,-0.236404,0
2019-05-24,sh.603906,12.3000,13.9300,12.3000,13.9300,12.6600,21055896,281523672.0000,3,22.561797,1,10.031600,0
2019-05-27,sh.603906,13.8000,15.3200,13.2600,15.3200,13.9300,23959859,338064881.0000,3,25.673449,1,9.978459,0
2019-05-28,sh.603906,16.0100,16.8500,16.0100,16.8500,15.3200,12586896,208785126.0000,3,13.487101,1,9.986950,0
2019-05-29,sh.603906,18.0000,18.5400,16.8600,17.5000,16.8500,40949444,726680769.0000,3,43.878115,1,3.857564,0
2019-05-30,sh.603906,16.4400,16.7400,15.7500,15.7500,17.5000,22698685,364729411.0000,3,24.322077,1,-10.000000,0
2019-05-31,sh.603906,14.6500,15.3900,14.4500,14.7000,15.7500,24206006,359069811.0000,3,25.937200,1,-6.666668,0
2019-06-03,sh.603906,14.6000,15.5500,14.5800,14.9300,14.7000,20121224,302533698.0000,3,21.560278,1,1.564629,0
2019-06-04,sh.603906,14.2000,14.2000,13.4400,13.8000,14.9300,16776481,230869823.0000,3,17.976321,1,-7.568655,0
2019-06-05,sh.603906,14.2400,14.3600,13.5700,13.6000,13.8000,12276650,170102987.0000,3,13.154666,1,-1.449274,0
2019-06-06,sh.603906,13.7800,13.8900,12.7800,13.0000,13.6000,12680568,169270929.0000,3,13.587472,1,-4.411767,0
2019-06-10,sh.603906,13.3500,13.7800,12.9700,13.4400,13.0000,12821182,171304640.0000,3,13.738143,1,3.384612,0
2019-06-11,sh.603906,13.5000,14.3400,13.3300,14.2200,13.4400,15931050,222576582.0000,3,17.070426,1,5.803577,0
2019-06-12,sh.603906,14.0100,15.4200,13.9700,14.7800,14.2200,20408488,296619292.0000,3,21.868087,1,3.938112,0
2019-06-13,sh.603906,14.4800,15.6000,14.1200,14.8900,14.7800,19508029,290783174.0000,3,20.903227,1,0.744253,0
2019-06-14,sh.603906,14.8700,14.9900,13.9500,13.9700,14.8900,12299405,177089220.0000,3,13.179048,1,-6.178644,0
2019-06-17,sh.603906,13.9800,14.4100,13.5500,14.0600,13.9700,8298154,116118690.0000,3,8.891631,1,0.644239,0
2019-06-18,sh.603906,14.1900,14.2200,13.5100,13.6000,14.0600,7442890,102592308.0000,3,7.975199,1,-3.271693,0
2019-06-19,sh.603906,14.0000,14.9600,13.8000,14.9600,13.6000,18708720,271559252.0000,3,20.046753,1,9.999997,0
2019-06-20,sh.603906,12.1800,13.2100,12.0600,12.6300,12.3600,20758739,264362275.0000,3,18.536156,1,2.184470,0
2019-06-21,sh.603906,12.6500,13.1000,12.2300,12.4500,12.6300,21997620,275966350.0000,3,19.642393,1,-1.425181,0
2019-06-24,sh.603906,12.2800,12.5400,11.9400,12.2100,12.4500,16110645,196415759.0000,3,14.385721,1,-1.927709,0
2019-06-25,sh.603906,12.1200,12.9500,11.9700,12.6600,12.2100,22731598,286396409.0000,3,20.297786,1,3.685502,0
2019-06-26,sh.603906,12.2000,12.8600,12.0800,12.5800,12.6600,14358804,178902503.0000,3,12.821445,1,-0.631911,0
2019-06-27,sh.603906,12.5200,13.0800,12.3500,12.9700,12.5800,19192880,245280696.0000,3,17.137949,1,3.100162,0
2019-06-28,sh.603906,12.8500,13.0400,12.3700,12.5200,12.9700,13307711,168038678.0000,3,11.882890,1,-3.469543,0
2019-07-01,sh.603906,12.7600,13.1900,12.5500,13.0400,12.5200,16925566,218480389.0000,3,15.113391,1,4.153350,0
2019-07-02,sh.603906,12.9400,13.6900,12.8400,13.0600,13.0400,20294446,268738305.0000,3,18.121574,1,0.153378,0
2019-07-03,sh.603906,13.2100,13.2100,12.6800,12.8700,13.0600,10666520,136937254.0000,3,9.524484,1,-1.454828,0
2019-07-04,sh.603906,12.8000,12.8800,12.2800,12.4700,12.8700,11356182,141970422.0000,3,10.140306,1,-3.108000,0
2019-07-05,sh.603906,12.5000,12.5500,12.3100,12.4600,12.4700,6061448,75391895.0000,3,5.412465,1,-0.080194,0
2019-07-08,sh.603906,12.3900,12.4700,11.2800,11.4000,12.4600,12492672,145151390.0000,3,11.155115,1,-8.507226,0
2019-07-09,sh.603906,11.3700,11.4500,11.0100,11.4200,11.4000,7443804,83846292.0000,3,6.646816,1,0.175443,0
2019-07-10,sh.603906,11.4200,11.5000,10.9000,11.1000,11.4200,6900540,77259929.0000,3,6.161718,1,-2.802099,0
2019-07-11,sh.603906,11.1200,11.2500,10.8400,10.9000,11.1000,6366686,70334705.0000,3,5.685022,1,-1.801809,0
2019-07-12,sh.603906,10.9200,11.0000,10.6300,10.7000,10.9000,6081171,65473321.0000,3,5.430076,1,-1.834861,0
2019-07-15,sh.603906,10.6900,11.0000,10.6600,10.9100,10.7000,5907480,64101733.0000,3,5.274982,1,1.962617,0
2019-07-16,sh.603906,10.9100,10.9500,10.7600,10.7800,10.9100,5084868,55049569.0000,3,4.540445,1,-1.191568,0
2019-07-17,sh.603906,10.8100,10.9700,10.7500,10.9700,10.7800,4984568,54043650.0000,3,4.450884,1,1.762528,0
2019-07-18,sh.603906,10.8700,10.8700,10.3500,10.3700,10.9700,8054598,84621127.0000,3,7.192214,1,-5.469466,0
2019-07-19,sh.603906,10.4400,10.7400,10.4400,10.5800,10.3700,7379792,78443020.0000,3,6.589657,1,2.025073,0
2019-07-22,sh.603906,10.7300,10.7500,9.8600,10.0300,10.5800,7051015,71642697.0000,3,6.296082,1,-5.198490,0
2019-07-23,sh.603906,10.1500,10.2800,10.0200,10.2000,10.0300,4512583,45821949.0000,3,4.029433,1,1.694916,0
2019-07-24,sh.603906,10.5200,10.9800,10.3500,10.8300,10.2000,11822934,127241551.0000,3,10.557084,1,6.176472,0
2019-07-25,sh.603906,10.6500,10.8500,10.6400,10.7300,10.8300,7319594,78443349.0000,3,6.535905,1,-0.923365,0
2019-07-26,sh.603906,10.6800,10.6900,10.5000,10.6300,10.7300,4219074,44684955.0000,3,3.767300,1,-0.932000,0
2019-07-29,sh.603906,10.7100,11.1900,10.6300,11.1100,10.6300,10370185,113756572.0000,3,9.259877,1,4.515518,0
2019-07-30,sh.603906,11.0300,11.1700,10.8700,11.0700,11.1100,8369715,92151853.0000,3,7.473600,1,-0.360000,0
2019-07-31,sh.603906,11.0100,11.1000,10.8000,10.8200,11.0700,5737426,62699420.0000,3,5.123100,1,-2.258400,0
2019-08-01,sh.603906,10.7200,11.0500,10.7000,10.9200,10.8200,5008615,54567804.0000,3,4.472400,1,0.924200,0
2019-08-02,sh.603906,10.5000,10.6400,10.3600,10.5100,10.9200,5680360,59660001.0000,3,5.072200,1,-3.754600,0
2019-08-05,sh.603906,10.6100,10.8500,10.5400,10.5700,10.5100,6046867,64693203.0000,3,5.399400,1,0.570900,0
2019-08-06,sh.603906,10.4200,10.4500,9.8700,10.3100,10.5700,7213867,73506421.0000,3,6.441500,1,-2.459800,0
2019-08-07,sh.603906,10.4000,10.5600,10.1000,10.1200,10.3100,4614828,47603928.0000,3,4.120700,1,-1.842900,0
2019-08-08,sh.603906,10.2500,10.3300,10.0000,10.0300,10.1200,4074920,41198053.0000,3,3.638600,1,-0.889300,0
2019-08-09,sh.603906,10.1100,10.2400,9.7800,9.8300,10.0300,5113074,51148426.0000,3,4.565600,1,-1.994000,0
2019-08-12,sh.603906,9.7700,9.9800,9.7600,9.9800,9.8300,3177928,31336768.0000,3,2.837700,1,1.525900,0
2019-08-13,sh.603906,9.9100,9.9100,9.7500,9.8000,9.9800,2892925,28396417.0000,3,2.583200,1,-1.803600,0
2019-08-14,sh.603906,9.9600,10.1600,9.9100,10.0300,9.8000,5233808,52556645.0000,3,4.673400,1,2.346900,0
2019-08-15,sh.603906,9.7700,10.0000,9.5700,9.9600,10.0300,4178625,40947091.0000,3,3.731200,1,-0.697900,0
2019-08-16,sh.603906,9.9000,10.0600,9.8800,9.9400,9.9600,4137300,41346711.0000,3,3.694300,1,-0.200800,0
2019-08-19,sh.603906,10.0100,10.2600,10.0100,10.2500,9.9400,5362332,54543546.0000,3,4.788200,1,3.118700,0
2019-08-20,sh.603906,10.3700,10.3900,10.1200,10.1400,10.2500,5464524,56009886.0000,3,4.879500,1,-1.073200,0
2019-08-21,sh.603906,10.1200,10.3200,10.1000,10.2500,10.1400,3890332,39751662.0000,3,3.473800,1,1.084800,0
2019-08-22,sh.603906,10.3200,10.3300,10.1600,10.2500,10.2500,3302228,33755064.0000,3,2.948700,1,0.000000,0
2019-08-23,sh.603906,10.3300,10.3300,10.0200,10.0400,10.2500,5479025,55535895.0000,3,4.892400,1,-2.048800,0
2019-08-26,sh.603906,9.7100,10.1300,9.6300,10.0400,10.0400,4378623,43579103.0000,3,3.909800,1,0.000000,0
2019-08-27,sh.603906,10.1100,10.5600,10.1100,10.4000,10.0400,7634936,79116781.0000,3,6.817500,1,3.585700,0
2019-08-28,sh.603906,10.4700,10.4700,10.2500,10.4200,10.4000,5598540,58070776.0000,3,4.999100,1,0.192300,0
2019-08-29,sh.603906,10.4200,10.5400,10.2900,10.3100,10.4200,4510188,46966278.0000,3,4.027300,1,-1.055700,0
2019-08-30,sh.603906,10.3700,10.4200,9.9000,10.0000,10.3100,5656983,57328068.0000,3,5.051300,1,-3.006800,0
2019-09-02,sh.603906,10.0600,10.2000,9.8800,10.1700,10.0000,3940044,39679113.0000,3,3.518200,1,1.700000,0
2019-09-03,sh.603906,10.1700,10.4200,10.1500,10.3100,10.1700,4497096,46257197.0000,3,4.015600,1,1.376600,0
2019-09-04,sh.603906,10.3000,10.4200,10.2100,10.4100,10.3100,4870560,50334977.0000,3,4.349100,1,0.969900,0
2019-09-05,sh.603906,10.4200,10.6600,10.4200,10.4600,10.4100,7975054,84191237.0000,3,7.121200,1,0.480300,0
2019-09-06,sh.603906,10.5000,10.6100,10.4400,10.5500,10.4600,5244324,55245105.0000,3,4.682800,1,0.860400,0
2019-09-09,sh.603906,10.6700,10.8600,10.5300,10.8200,10.5500,7320676,78364151.0000,3,6.536900,1,2.559200,0
2019-09-10,sh.603906,10.7800,11.3900,10.6700,11.3300,10.8200,12579089,139460994.0000,3,11.232300,1,4.713500,0
2019-09-11,sh.603906,11.2000,11.6400,11.2000,11.2500,11.3300,13267452,151791662.0000,3,11.846900,1,-0.706100,0
2019-09-12,sh.603906,11.2800,11.3400,11.0500,11.2200,11.2500,7469424,83455701.0000,3,6.669700,1,-0.266700,0
2019-09-16,sh.603906,11.4000,11.6500,11.1900,11.2900,11.2200,8496677,96640896.0000,3,7.587000,1,0.623900,0
2019-09-17,sh.603906,11.3000,11.3000,10.8500,10.9000,11.2900,7300173,80187675.0000,3,6.518600,1,-3.454400,0
2019-09-18,sh.603906,10.9200,10.9700,10.7500,10.8500,10.9000,3840369,41650541.0000,3,3.429200,1,-0.458700,0
2019-09-19,sh.603906,10.8600,10.9500,10.7700,10.9000,10.8500,3619508,39331999.0000,3,3.232000,1,0.460800,0
2019-09-20,sh.603906,10.9100,10.9400,10.8000,10.8100,10.9000,3379396,36651601.0000,3,3.017600,1,-0.825700,0
2019-09-23,sh.603906,10.8200,10.8200,10.5400,10.6800,10.8100,3701765,39224463.0000,3,3.305400,1,-1.202600,0
2019-09-24,sh.603906,10.6500,10.6900,10.5000,10.5300,10.6800,4111872,43448690.0000,3,3.671600,1,-1.404500,0
2019-09-25,sh.603906,10.4300,10.5000,10.2500,10.2900,10.5300,3346248,34613118.0000,3,2.988000,1,-2.279200,0
2019-09-26,sh.603906,10.3000,10.3800,9.9200,9.9700,10.2900,3408314,34443973.0000,3,3.043400,1,-3.109800,0
2019-09-27,sh.603906,9.9800,10.1700,9.9800,10.0400,9.9700,2183644,22050589.0000,3,1.949800,1,0.702100,0
2019-09-30,sh.603906,10.0500,10.2600,10.0500,10.1600,10.0400,2359992,24014099.0000,3,2.107300,1,1.195200,0
2019-10-08,sh.603906,10.1700,10.2200,10.0000,10.1100,10.1600,2246497,22748166.0000,3,2.006000,1,-0.492100,0
2019-10-09,sh.603906,10.0500,10.1100,9.9300,10.0700,10.1100,2098194,21004063.0000,3,1.873500,1,-0.395600,0
2019-10-10,sh.603906,10.0700,11.0800,10.0500,11.0800,10.0700,6278452,67621454.0000,3,5.606200,1,10.029800,0
2019-10-11,sh.603906,11.3000,11.6500,11.0300,11.0700,11.0800,17476600,197095527.0000,3,15.605400,1,-0.090300,0
2019-10-14,sh.603906,10.9700,11.5000,10.7700,11.3500,11.0700,14475447,161469088.0000,3,12.925600,1,2.529400,0
2019-10-15,sh.603906,11.1700,12.2500,10.9500,11.7800,11.3500,18248528,211153483.0000,3,16.294700,1,3.788500,0
2019-10-16,sh.603906,11.6900,12.1700,11.3600,11.8300,11.7800,16207288,189329913.0000,3,14.472000,1,0.424400,0
2019-10-17,sh.603906,11.3000,11.4800,10.9500,11.2500,11.8300,12850297,144644559.0000,3,11.474400,1,-4.902800,0
2019-10-18,sh.603906,11.1700,11.3600,10.9700,11.1700,11.2500,6700959,74645143.0000,3,5.983500,1,-0.711100,0
2019-10-21,sh.603906,11.1700,11.9700,11.1200,11.7700,11.1700,15972709,184955800.0000,3,14.262600,1,5.371500,0
2019-10-22,sh.603906,11.8100,11.8700,11.3800,11.6900,11.7700,12337780,143443734.0000,3,11.016800,1,-0.679700,0
2019-10-23,sh.603906,11.5500,11.6600,11.1000,11.1800,11.6900,10485700,119404965.0000,3,9.363000,1,-4.362700,0
2019-10-24,sh.603906,11.1400,11.3700,11.0400,11.2300,11.1800,6409052,71788859.0000,3,5.722900,1,0.447200,0
2019-10-25,sh.603906,11.1000,11.1900,10.1200,10.6000,11.2300,9191476,98306321.0000,3,8.207400,1,-5.610000,0
2019-10-28,sh.603906,10.5700,10.8600,10.4400,10.8200,10.6000,6897912,73705595.0000,3,6.159400,1,2.075500,0
2019-10-29,sh.603906,10.8200,10.8200,10.3100,10.3700,10.8200,5891279,62142423.0000,3,5.260500,1,-4.159000,0
2019-10-30,sh.603906,10.1800,10.5800,10.1800,10.3700,10.3700,3774812,39433143.0000,3,3.370700,1,0.000000,0
2019-10-31,sh.603906,10.3800,10.4700,10.2000,10.2400,10.3700,3570956,36851712.0000,3,3.188600,1,-1.253600,0
2019-11-01,sh.603906,10.2400,10.4400,10.1500,10.4100,10.2400,3267316,33796144.0000,3,2.917500,1,1.660200,0
2019-11-04,sh.603906,10.4500,10.7500,10.4100,10.6400,10.4100,5296348,56136499.0000,3,4.729300,1,2.209400,0
2019-11-05,sh.603906,10.7000,10.8100,10.5000,10.5400,10.6400,3680248,39091656.0000,3,3.286200,1,-0.939900,0
2019-11-06,sh.603906,10.5900,10.6900,10.2700,10.3100,10.5400,3227740,33535877.0000,3,2.882200,1,-2.182200,0
2019-11-07,sh.603906,10.2400,10.4700,10.2400,10.4700,10.3100,2942928,30611428.0000,3,2.627800,1,1.551900,0
2019-11-08,sh.603906,10.4500,10.4800,10.3400,10.3800,10.4700,2368104,24651939.0000,3,2.114600,1,-0.859600,0
2019-11-11,sh.603906,10.3400,10.3400,9.9600,10.0000,10.3800,3742512,37681246.0000,3,3.341800,1,-3.660900,0
2019-11-12,sh.603906,9.9900,10.0700,9.8700,10.0400,10.0000,2373389,23642991.0000,3,2.119300,1,0.400000,0
2019-11-13,sh.603906,10.0100,10.0100,9.8000,9.8100,10.0400,2221176,21964150.0000,3,1.983400,1,-2.290800,0
2019-11-14,sh.603906,9.8100,9.9700,9.8100,9.8900,9.8100,2060904,20347821.0000,3,1.840200,1,0.815500,0
2019-11-15,sh.603906,9.8600,9.8900,9.6600,9.7000,9.8900,2554364,24906072.0000,3,2.280900,1,-1.921100,0
2019-11-18,sh.603906,9.7000,9.7300,9.5400,9.6700,9.7000,2335460,22474324.0000,3,2.085400,1,-0.309300,0
2019-11-19,sh.603906,9.6700,9.9300,9.6000,9.9300,9.6700,2601196,25519678.0000,3,2.322700,1,2.688700,0
2019-11-20,sh.603906,9.9500,9.9500,9.7500,9.7900,9.9300,1887732,18530296.0000,3,1.685600,1,-1.409900,0
2019-11-21,sh.603906,9.7300,10.0800,9.6400,10.0300,9.7900,3178092,31418535.0000,3,2.837800,1,2.451500,0
2019-11-22,sh.603906,9.9500,10.1500,9.8500,9.8700,10.0300,3321112,33142812.0000,3,2.965500,1,-1.595200,0
2019-11-25,sh.603906,9.8500,9.9000,9.7100,9.7900,9.8700,1796328,17573778.0000,3,1.604000,1,-0.810500,0
2019-11-26,sh.603906,9.8000,10.1400,9.7500,9.9700,9.7900,2886584,28781235.0000,3,2.577500,1,1.838600,0
2019-11-27,sh.603906,9.9400,9.9600,9.8100,9.8500,9.9700,1820936,17968914.0000,3,1.626000,1,-1.203600,0
2019-11-28,sh.603906,9.7800,9.8900,9.7100,9.7300,9.8500,1945224,19019845.0000,3,1.737000,1,-1.218300,0
2019-11-29,sh.603906,9.7300,9.8400,9.7000,9.7800,9.7300,1560647,15230177.0000,3,1.393600,1,0.513900,0
2019-12-02,sh.603906,9.8200,10.1200,9.7500,10.1200,9.7800,4519208,45278064.0000,3,4.035300,1,3.476500,0
2019-12-03,sh.603906,10.1700,10.2800,10.0000,10.2600,10.1200,4551024,46181342.0000,3,4.063800,1,1.383400,0
2019-12-04,sh.603906,10.1300,10.2200,10.0300,10.0900,10.2600,2864440,28953006.0000,3,2.557800,1,-1.656900,0
2019-12-05,sh.603906,10.0900,10.1600,10.0700,10.0900,10.0900,2962348,29930575.0000,3,2.645200,1,0.000000,0
2019-12-06,sh.603906,10.0800,10.1700,10.0200,10.1000,10.0900,2299572,23231464.0000,3,2.053400,1,0.099100,0
2019-12-09,sh.603906,10.0900,10.1400,10.0300,10.1200,10.1000,2151008,21706893.0000,3,1.920700,1,0.198000,0
2019-12-10,sh.603906,10.0800,10.1100,9.9400,10.0400,10.1200,3096728,31011274.0000,3,2.765200,1,-0.790500,0
2019-12-11,sh.603906,10.0800,10.2900,9.9600,10.2200,10.0400,4554776,46254083.0000,3,4.067100,1,1.792800,0
2019-12-12,sh.603906,10.1900,10.2100,10.0700,10.0800,10.2200,3045408,30813232.0000,3,2.719300,1,-1.369900,0
2019-12-13,sh.603906,10.1600,10.2100,10.0800,10.1800,10.0800,3623936,36797528.0000,3,3.235900,1,0.992100,0
2019-12-16,sh.603906,10.2000,10.3400,10.1300,10.3300,10.1800,4532528,46448599.0000,3,4.047200,1,1.473500,0
2019-12-17,sh.603906,10.3000,10.4400,10.2100,10.3900,10.3300,4706012,48792076.0000,3,4.202200,1,0.580800,0
2019-12-18,sh.603906,10.3600,10.6400,10.3000,10.5300,10.3900,6108935,64102766.0000,3,5.454900,1,1.347400,0
2019-12-19,sh.603906,10.5300,10.7600,10.4100,10.7500,10.5300,6289863,66618446.0000,3,5.616400,1,2.089300,0
2019-12-20,sh.603906,10.7600,10.9500,10.5300,10.5400,10.7500,6398500,68596603.0000,3,5.713400,1,-1.953500,0
2019-12-23,sh.603906,10.5400,10.6900,10.3700,10.5000,10.5400,4300335,45258483.0000,3,3.839900,1,-0.379500,0
2019-12-24,sh.603906,10.5100,11.1400,10.4500,10.9500,10.5000,8187432,88467819.0000,3,7.310800,1,4.285700,0
2019-12-25,sh.603906,10.9000,10.9100,10.7000,10.8200,10.9500,5404580,58386534.0000,3,4.825900,1,-1.187200,0
2019-12-26,sh.603906,10.8500,10.9800,10.7000,10.9200,10.8200,4962904,53754103.0000,3,4.431500,1,0.924200,0
2019-12-27,sh.603906,10.8900,11.0000,10.5100,10.5300,10.9200,6240020,67282668.0000,3,5.571900,1,-3.571400,0
2019-12-30,sh.603906,10.4500,10.5900,10.2000,10.5600,10.5300,3902380,40699152.0000,3,3.484600,1,0.284900,0
2019-12-31,sh.603906,10.5200,10.6600,10.4300,10.5400,10.5600,2294492,24198335.0000,3,2.048800,1,-0.189400,0
2020-01-02,sh.603906,10.6100,10.7400,10.5700,10.7300,10.5400,3687977,39359444.0000,3,3.293100,1,1.802700,0
2020-01-03,sh.603906,10.7300,10.9500,10.6700,10.9000,10.7300,4943961,53524980.0000,3,4.414600,1,1.584300,0
2020-01-06,sh.603906,10.9600,11.2700,10.7600,11.0200,10.9000,8549112,94389106.0000,3,7.633800,1,1.100900,0
2020-01-07,sh.603906,10.9300,11.0500,10.8800,11.0100,11.0200,5349324,58606311.0000,3,4.776600,1,-0.090700,0
2020-01-08,sh.603906,11.2500,11.4800,11.0800,11.1000,11.0100,11191153,125749404.0000,3,9.992900,1,0.817400,0
2020-01-09,sh.603906,11.1100,11.2700,11.0300,11.2300,11.1000,6972712,77732611.0000,3,6.226200,1,1.171200,0
2020-01-10,sh.603906,11.2200,11.2500,10.8800,10.9300,11.2300,5659819,62345969.0000,3,5.053800,1,-2.671400,0
2020-01-13,sh.603906,10.9400,11.0500,10.7100,11.0200,10.9300,3967772,43266156.0000,3,3.543000,1,0.823400,0
2020-01-14,sh.603906,11.0800,11.0900,10.8800,10.9000,11.0200,3791448,41581621.0000,3,3.385500,1,-1.088900,0
2020-01-15,sh.603906,10.9000,10.9000,10.6700,10.7100,10.9000,3637332,39137984.0000,3,3.247900,1,-1.743100,0
2020-01-16,sh.603906,10.7300,11.0000,10.7000,10.9600,10.7100,4961516,54049938.0000,3,4.430300,1,2.334300,0
2020-01-17,sh.603906,10.9600,10.9900,10.8000,10.8000,10.9600,2931800,31925444.0000,3,2.617900,1,-1.459900,0
2020-01-20,sh.603906,10.8300,10.8700,10.6800,10.8300,10.8000,2828932,30458081.0000,3,2.526000,1,0.277800,0
2020-01-21,sh.603906,10.8800,11.0700,10.8600,10.8900,10.8300,3727554,40776953.0000,3,3.328500,1,0.554000,0
2020-01-22,sh.603906,10.9100,10.9100,10.5000,10.8400,10.8900,3731456,39884108.0000,3,3.331900,1,-0.459100,0
2020-01-23,sh.603906,10.6800,10.8200,10.1500,10.3700,10.8400,4073256,42749843.0000,3,3.637100,1,-4.335800,0
2020-02-03,sh.603906,9.3300,9.3300,9.3300,9.3300,10.3700,533100,4973823.0000,3,0.476000,1,-10.028900,0
2020-02-04,sh.603906,8.4000,9.1400,8.4000,8.9100,9.3300,4779821,42210283.0000,3,4.268100,1,-4.501600,0
2020-02-05,sh.603906,8.8000,9.2800,8.8000,9.1600,8.9100,3476625,31750150.0000,3,3.104400,1,2.805800,0
2020-02-06,sh.603906,9.1500,9.3000,9.0600,9.2300,9.1600,4273676,39294261.0000,3,3.816100,1,0.764200,0
2020-02-07,sh.603906,9.2900,9.7500,9.1600,9.5900,9.2300,5748152,54189823.0000,3,5.132700,1,3.900300,0
2020-02-10,sh.603906,9.4000,9.8400,9.3800,9.7200,9.5900,4918100,47316743.0000,3,4.391500,1,1.355600,0
2020-02-11,sh.603906,9.7000,9.9700,9.5500,9.7100,9.7200,3855932,37724777.0000,3,3.443100,1,-0.102900,0
2020-02-12,sh.603906,9.5000,9.7700,9.5000,9.7000,9.7100,4065749,39317100.0000,3,3.630400,1,-0.103000,0
2020-02-13,sh.603906,9.6900,9.7700,9.5200,9.5200,9.7000,3210697,30863570.0000,3,2.866900,1,-1.855700,0
2020-02-14,sh.603906,9.4800,9.6200,9.4000,9.4500,9.5200,2929060,27854768.0000,3,2.615500,1,-0.735300,0
2020-02-17,sh.603906,9.4800,9.8300,9.4800,9.8200,9.4500,3937508,38173541.0000,3,3.515900,1,3.915300,0
2020-02-18,sh.603906,9.8200,9.9600,9.7500,9.9600,9.8200,4404442,43454844.0000,3,3.932900,1,1.425700,0
2020-02-19,sh.603906,9.9000,10.0500,9.8500,9.8600,9.9600,4157564,41330272.0000,3,3.712400,1,-1.004000,0
2020-02-20,sh.603906,9.9000,10.5400,9.8700,10.4500,9.8600,10589831,108894501.0000,3,9.456000,1,5.983800,0
2020-02-21,sh.603906,10.2900,10.5500,10.2600,10.5000,10.4500,7118148,73995114.0000,3,6.356000,1,0.478500,0
2020-02-24,sh.603906,10.5000,10.5800,10.3100,10.5800,10.5000,5229852,54751041.0000,3,4.669900,1,0.761900,0
2020-02-25,sh.603906,10.3800,10.3800,9.6600,10.2100,10.5800,7918844,80253201.0000,3,7.071000,1,-3.497200,0
2020-02-26,sh.603906,10.0600,10.4300,9.9500,10.0800,10.2100,4557532,46471724.0000,3,4.069600,1,-1.273300,0
2020-02-27,sh.603906,10.0900,10.1900,9.9600,10.0100,10.0800,3100540,31226076.0000,3,2.768600,1,-0.694400,0
2020-02-28,sh.603906,9.6900,9.9100,9.1500,9.1700,10.0100,5475320,52028843.0000,3,4.889100,1,-8.391600,0
2020-03-02,sh.603906,9.3200,9.7200,9.2000,9.6300,9.1700,3270103,31142312.0000,3,2.920000,1,5.016400,0
2020-03-03,sh.603906,9.7700,9.9400,9.6800,9.8500,9.6300,4154271,40771319.0000,3,3.709500,1,2.284500,0
2020-03-04,sh.603906,9.7900,9.9100,9.7200,9.8900,9.8500,2790339,27461915.0000,3,2.491600,1,0.406100,0
2020-03-05,sh.603906,10.0200,10.1900,9.9000,10.1700,9.8900,4349717,43937964.0000,3,3.884000,1,2.831100,0
2020-03-06,sh.603906,10.0800,10.2300,10.0300,10.1700,10.1700,3218911,32694157.0000,3,2.874300,1,0.000000,0
2020-03-09,sh.603906,10.0000,10.2600,9.9200,9.9800,10.1700,3900143,39222003.0000,3,3.482600,1,-1.868200,0
2020-03-10,sh.603906,9.9000,10.2300,9.8200,10.2300,9.9800,5065012,50948387.0000,3,4.522700,1,2.505000,0
2020-03-11,sh.603906,10.2500,10.4200,10.0700,10.1000,10.2300,4542303,46578620.0000,3,4.056000,1,-1.270800,0
2020-03-12,sh.603906,9.9800,10.0900,9.7600,9.8800,10.1000,2928148,29075509.0000,3,2.614600,1,-2.178200,0
2020-03-13,sh.603906,9.4700,9.6500,9.2300,9.5100,9.8800,4299684,40460640.0000,3,3.839300,1,-3.744900,0
2020-03-16,sh.603906,9.6000,9.8900,9.3100,9.3700,9.5100,4331648,41815117.0000,3,3.867900,1,-1.472100,0
2020-03-17,sh.603906,9.3600,9.5400,9.1100,9.3100,9.3700,3177416,29537338.0000,3,2.837200,1,-0.640300,0
2020-03-18,sh.603906,9.3900,9.6200,9.2800,9.3200,9.3100,2574712,24266986.0000,3,2.299000,1,0.107400,0
2020-03-19,sh.603906,9.2800,9.3300,9.0100,9.2500,9.3200,2705504,24750522.0000,3,2.415800,1,-0.751100,0
2020-03-20,sh.603906,9.3600,9.4300,9.2200,9.4100,9.2500,2117944,19787645.0000,3,1.891200,1,1.729700,0
2020-03-23,sh.603906,9.2500,9.3000,8.8200,8.8200,9.4100,2826652,25711491.0000,3,2.524000,1,-6.269900,0
2020-03-24,sh.603906,9.0200,9.1300,8.8300,9.1100,8.8200,2109772,19052096.0000,3,1.883900,1,3.288000,0
2020-03-25,sh.603906,9.3300,9.3700,9.2200,9.3300,9.1100,1977948,18398004.0000,3,1.766200,1,2.414900,0
2020-03-26,sh.603906,9.2900,9.3800,9.1700,9.1800,9.3300,1471776,13629621.0000,3,1.314200,1,-1.607700,0
2020-03-27,sh.603906,9.3000,9.3700,9.0500,9.1000,9.1800,1572588,14473592.0000,3,1.404200,1,-0.871500,0
2020-03-30,sh.603906,9.0800,9.0900,8.7500,8.9600,9.1000,2248608,19986058.0000,3,2.007900,1,-1.538500,0
2020-03-31,sh.603906,9.0300,9.1200,8.9300,8.9600,8.9600,1286332,11616741.0000,3,1.148600,1,0.000000,0
2020-04-01,sh.603906,9.0300,9.1000,8.8700,8.9700,8.9600,1408180,12691309.0000,3,1.257400,1,0.111600,0
2020-04-02,sh.603906,8.9000,9.1600,8.8800,9.1400,8.9700,1609520,14548534.0000,3,1.437200,1,1.895200,0
2020-04-03,sh.603906,9.1100,9.2000,8.9800,9.0100,9.1400,1532884,13874130.0000,3,1.368800,1,-1.422300,0
2020-04-07,sh.603906,9.0700,9.2400,9.0700,9.2200,9.0100,2075537,19071196.0000,3,1.853300,1,2.330700,0
2020-04-08,sh.603906,9.1900,9.2900,9.1600,9.2600,9.2200,1948704,17983337.0000,3,1.740100,1,0.433800,0
2020-04-09,sh.603906,9.2700,9.3600,9.2400,9.2900,9.2600,1675428,15583196.0000,3,1.496000,1,0.324000,0
2020-04-10,sh.603906,9.2900,9.3700,9.1100,9.1400,9.2900,1867424,17212696.0000,3,0.623500,1,-1.614600,0
2020-04-13,sh.603906,9.1400,9.3700,9.0600,9.3300,9.1400,2383512,22114360.0000,3,0.795800,1,2.078800,0
2020-04-14,sh.603906,9.3000,9.3800,9.2500,9.3600,9.3300,1904180,17736952.0000,3,0.635700,1,0.321500,0
2020-04-15,sh.603906,9.3500,9.5500,9.3200,9.4300,9.3600,2169176,20442276.0000,3,0.724200,1,0.747900,0
2020-04-16,sh.603906,9.3600,9.4200,9.3300,9.3800,9.4300,1698116,15927344.0000,3,0.566900,1,-0.530200,0
2020-04-17,sh.603906,9.4200,9.4800,9.3700,9.4600,9.3800,1474268,13903344.0000,3,0.492200,1,0.852900,0
2020-04-20,sh.603906,9.4500,9.7600,9.4200,9.6200,9.4600,2701720,25952896.0000,3,0.902000,1,1.691300,0
2020-04-21,sh.603906,9.7900,9.8400,9.6600,9.7400,9.6200,6621471,64428877.0000,3,2.210700,1,1.247400,0
2020-04-22,sh.603906,9.7400,9.8000,9.6300,9.7400,9.7400,6307169,61307812.0000,3,2.105800,1,0.000000,0
2020-04-23,sh.603906,9.4700,9.4900,9.3100,9.3200,9.7400,4833494,45312373.0000,3,1.613700,1,-4.312100,0
2020-04-24,sh.603906,9.3200,9.4900,9.0700,9.0800,9.3200,3222991,29829304.0000,3,1.076100,1,-2.575100,0
2020-04-27,sh.603906,9.0300,9.1100,8.9200,8.9500,9.0800,2515432,22691492.0000,3,0.839800,1,-1.431700,0
2020-04-28,sh.603906,8.9500,9.0200,8.5200,8.6600,8.9500,3090912,26942302.0000,3,1.032000,1,-3.240200,0
2020-04-29,sh.603906,8.6600,8.8900,8.6200,8.7200,8.6600,2052064,18056183.0000,3,0.685100,1,0.692800,0
2020-04-30,sh.603906,8.8000,8.9300,8.7200,8.8700,8.7200,3266002,28785692.0000,3,1.090400,1,1.720200,0
2020-05-06,sh.603906,9.0900,9.7600,8.9100,9.7600,8.8700,6123968,58789967.0000,3,2.044600,1,10.033800,0
2020-05-07,sh.603906,10.1900,10.4400,9.7900,9.9800,9.7600,16897770,170435685.0000,3,5.641600,1,2.254100,0
2020-05-08,sh.603906,10.0200,10.1500,9.6300,9.7800,9.9800,11180757,109711800.0000,3,3.732900,1,-2.004000,0
2020-05-11,sh.603906,9.9200,10.3800,9.8200,9.9700,9.7800,11008808,110792547.0000,3,3.675500,1,1.942700,0
2020-05-12,sh.603906,9.8900,10.0200,9.6300,9.6900,9.9700,6453606,62973041.0000,3,2.154600,1,-2.808400,0
2020-05-13,sh.603906,9.6300,9.7400,9.6000,9.6900,9.6900,3828558,37003911.0000,3,1.278200,1,0.000000,0
2020-05-14,sh.603906,9.6900,9.6900,9.4800,9.6100,9.6900,3838132,36767410.0000,3,1.281400,1,-0.825600,0
2020-05-15,sh.603906,9.6400,9.7000,9.5500,9.6000,9.6100,4111672,39543180.0000,3,1.372800,1,-0.104100,0
2020-05-18,sh.603906,9.6700,9.9600,9.4800,9.7700,9.6000,5207340,50638381.0000,3,1.738600,1,1.770800,0
2020-05-19,sh.603906,9.7700,9.8500,9.6000,9.6800,9.7700,3816788,36949773.0000,3,1.274300,1,-0.921200,0
2020-05-20,sh.603906,9.6900,9.6900,9.2700,9.2700,9.6800,4885572,45995798.0000,3,1.631100,1,-4.235500,0
2020-05-21,sh.603906,9.3500,9.3900,9.1800,9.1900,9.2700,2100066,19493057.0000,3,0.701100,1,-0.863000,0
2020-05-22,sh.603906,9.1400,9.2300,9.0000,9.0400,9.1900,1970920,17955098.0000,3,0.658000,1,-1.632200,0
2020-05-25,sh.603906,9.0400,9.1100,8.9700,9.0800,9.0400,1192980,10774547.0000,3,0.398300,1,0.442500,0
2020-05-26,sh.603906,9.1300,9.2000,9.0800,9.1800,9.0800,1683722,15368982.0000,3,0.562100,1,1.101300,0
2020-05-27,sh.603906,9.1700,9.1800,9.0000,9.0300,9.1800,1617788,14699667.0000,3,0.540100,1,-1.634000,0
2020-05-28,sh.603906,9.0100,9.1800,9.0100,9.1400,9.0300,1866406,16987327.0000,3,0.623100,1,1.218200,0
2020-05-29,sh.603906,9.1100,9.3800,9.0100,9.3300,9.1400,2897512,26819276.0000,3,0.967400,1,2.078800,0
2020-06-01,sh.603906,9.3400,9.6900,9.3300,9.5400,9.3300,4907132,46994932.0000,3,1.638300,1,2.250800,0
2020-06-02,sh.603906,9.5500,10.0700,9.4900,9.8900,9.5400,8105933,79977516.0000,3,2.706300,1,3.668800,0
2020-06-03,sh.603906,10.0000,10.3000,9.7700,9.9800,9.8900,7772214,77904787.0000,3,2.594900,1,0.910000,0
2020-06-04,sh.603906,9.6800,10.8400,9.6800,10.8400,9.8500,14535360,150703443.0000,3,4.852900,1,10.050800,0
2020-06-05,sh.603906,11.9200,11.9200,11.9200,11.9200,10.8400,3074759,36651127.0000,3,1.026600,1,9.963100,0
2020-06-08,sh.603906,13.1100,13.1100,12.8800,13.1100,11.9200,18446576,241696086.0000,3,6.158700,1,9.983200,0
2020-06-09,sh.603906,13.9800,14.4200,12.5000,14.2000,13.1100,47595663,646162231.0000,3,15.890600,1,8.314300,0
2020-06-10,sh.603906,12.7800,14.0800,12.7800,13.6100,14.2000,32147691,431292061.0000,3,10.733100,1,-4.154900,0
2020-06-11,sh.603906,13.6900,14.5500,13.4000,13.9800,13.6100,23269483,324510618.0000,3,7.768900,1,2.718600,0
2020-06-12,sh.603906,13.4900,15.3800,13.0300,15.3800,13.9800,27119703,392298219.0000,3,9.054400,1,10.014300,0
2020-06-15,sh.603906,15.8400,16.6100,14.6600,14.8800,15.3800,27812296,435582295.0000,3,9.285600,1,-3.251000,0
2020-06-16,sh.603906,15.2900,15.8600,14.7000,15.4000,14.8800,18439110,282791665.0000,3,6.156200,1,3.494600,0
2020-06-17,sh.603906,15.0500,15.3000,14.4800,14.9000,15.4000,15021494,223027659.0000,3,5.015200,1,-3.246800,0
2020-06-18,sh.603906,14.6800,15.5800,14.4700,15.5400,14.9000,17534261,265351546.0000,3,5.854100,1,4.295300,0
2020-06-19,sh.603906,15.0300,15.9800,14.6800,15.7500,15.5400,17024303,263183350.0000,3,5.656100,1,1.351400,0
2020-06-22,sh.603906,15.8900,16.4700,14.8800,15.1000,15.7500,14264592,218085940.0000,3,4.739200,1,-4.127000,0
2020-06-23,sh.603906,14.6600,15.3000,14.3800,14.7900,15.1000,12883002,189582578.0000,3,4.280200,1,-2.053000,0
2020-06-24,sh.603906,14.9800,15.1300,14.5100,14.7600,14.7900,9834148,145343913.0000,3,3.267300,1,-0.202800,0
2020-06-29,sh.603906,14.4700,14.9700,14.1800,14.1800,14.7600,10775109,156205393.0000,3,3.579900,1,-3.929500,0
2020-06-30,sh.603906,14.8100,15.6000,14.3100,15.6000,14.1800,17386838,263402529.0000,3,5.776600,1,10.014100,0
2020-07-01,sh.603906,15.8600,17.1600,15.8600,17.1600,15.6000,19073977,321907619.0000,3,6.337100,1,10.000000,0
2020-07-02,sh.603906,17.3400,17.9800,16.5500,16.9000,17.1600,17465434,297886670.0000,3,5.802700,1,-1.515200,0
2020-07-03,sh.603906,16.7900,17.6800,16.7900,17.1200,16.9000,19728023,339989604.0000,3,6.554400,1,1.301800,0
2020-07-06,sh.603906,17.4000,18.8300,17.2000,18.8300,17.1200,9358630,172549731.0000,3,3.109300,1,9.988300,0
2020-07-07,sh.603906,19.8800,20.1400,18.5800,18.5800,18.8300,14129042,273133269.0000,3,4.694200,1,-1.327700,0
2020-07-08,sh.603906,18.7500,20.3800,18.6000,20.3600,18.5800,11956430,233465834.0000,3,3.972400,1,9.580200,0
2020-07-09,sh.603906,20.1800,21.6600,19.0500,20.3000,20.3600,14346835,288889431.0000,3,4.766600,1,-0.294700,0
2020-07-10,sh.603906,20.3000,20.3800,19.1000,19.2200,20.3000,9754861,191337727.0000,3,3.240900,1,-5.320200,0
2020-07-13,sh.603906,18.9400,20.2000,18.9400,20.0500,19.2200,10541225,208152075.0000,3,3.502200,1,4.318400,0
2020-07-14,sh.603906,20.0000,20.9000,19.4600,19.7700,20.0500,9530083,190006446.0000,3,3.166300,1,-1.396500,0
2020-07-15,sh.603906,19.3400,19.8900,18.7000,18.8700,19.7700,9316733,179284165.0000,3,3.095400,1,-4.552400,0
2020-07-16,sh.603906,19.0000,19.2600,17.7000,17.9000,18.8700,8305032,153035828.0000,3,2.759200,1,-5.140400,0
2020-07-17,sh.603906,17.9000,19.4400,17.6900,18.6000,17.9000,10149448,190112610.0000,3,3.372000,1,3.910600,0
2020-07-20,sh.603906,18.9000,20.4600,18.6100,20.4600,18.6000,8476806,169652681.0000,3,2.816300,1,10.000000,0
2020-07-21,sh.603906,21.6400,21.8800,19.9900,21.4500,20.4600,9148694,193547147.9800,3,3.039500,1,4.838700,0
2020-07-22,sh.603906,21.3700,21.7400,20.7000,21.2200,21.4500,6689359,141698352.4700,3,2.222500,1,-1.072300,0
2020-07-23,sh.603906,21.2800,21.6000,20.6200,21.2200,21.2200,7799013,165079927.6600,3,2.591100,1,0.000000,0
2020-07-24,sh.603906,21.2500,21.9300,20.1500,20.3000,21.2200,9510558,199157072.1200,3,3.159800,1,-4.335500,0
2020-07-27,sh.603906,20.1000,22.1500,20.0800,21.5200,20.3000,9704380,207899866.6000,3,3.224200,1,6.009900,0
2020-07-28,sh.603906,21.4900,23.1400,21.2700,22.7000,21.5200,9752351,218195485.1400,3,3.240100,1,5.483300,0
2020-07-29,sh.603906,22.6000,23.1600,21.6800,22.8000,22.7000,7907283,178443955.2400,3,2.627100,1,0.440500,0
2020-07-30,sh.603906,22.8000,23.3000,22.0000,22.5600,22.8000,6667749,151011950.6900,3,2.215300,1,-1.052600,0
2020-07-31,sh.603906,22.5000,24.8200,22.3900,24.8200,22.5600,10423381,249120112.6600,3,3.463000,1,10.017700,0
2020-08-03,sh.603906,25.2800,27.3000,25.0300,26.6500,24.8200,9272917,243001459.4200,3,3.080800,1,7.373100,0
2020-08-04,sh.603906,26.8000,27.7500,25.1000,25.7100,26.6500,8532144,224097599.6600,3,2.834700,1,-3.527200,0
2020-08-05,sh.603906,25.7400,28.2800,25.2600,28.2800,25.7100,9719124,265068455.2600,3,3.229100,1,9.996100,0
2020-08-06,sh.603906,28.2400,29.6600,27.5000,28.4000,28.2800,8904212,254094320.9600,3,2.958300,1,0.424300,0
2020-08-07,sh.603906,29.0800,29.2000,28.1200,28.3600,28.4000,10532473,302288315.8500,3,3.499300,1,-0.140800,0
2020-08-10,sh.603906,27.9500,29.4000,27.0300,28.6900,28.3600,9627089,274024735.2300,3,3.198500,1,1.163600,0
2020-08-11,sh.603906,27.8900,28.5300,26.8000,26.9200,28.6900,7131944,197842041.8400,3,2.369500,1,-6.169400,0
2020-08-12,sh.603906,26.7600,27.3600,25.1000,26.3500,26.9200,7546637,197825845.3000,3,2.507300,1,-2.117400,0
2020-08-13,sh.603906,27.1700,27.2800,25.3000,26.1800,26.3500,6474333,167099860.5900,3,2.151000,1,-0.645200,0
2020-08-14,sh.603906,26.1000,27.8000,25.8000,26.7000,26.1800,5287305,140777773.1200,3,1.756600,1,1.986200,0
2020-08-17,sh.603906,26.9800,28.9900,26.7700,28.0900,26.7000,7307901,205786826.4900,3,2.428000,1,5.206000,0
2020-08-18,sh.603906,28.4200,28.8400,27.2000,28.1200,28.0900,6652432,186432230.8400,3,2.210200,1,0.106800,0
2020-08-19,sh.603906,28.1200,29.4900,27.5600,27.9000,28.1200,7636538,216801445.5200,3,2.537200,1,-0.782400,0
2020-08-20,sh.603906,27.2200,28.0800,26.5000,26.7900,27.9000,4311316,116957524.2800,3,1.432400,1,-3.978500,0
2020-08-21,sh.603906,26.9000,29.4000,26.9000,28.8100,26.7900,7000408,199180540.6000,3,2.325800,1,7.540100,0
2020-08-24,sh.603906,28.9800,31.6900,28.8100,31.6900,28.8100,8395857,257678903.4900,3,2.789400,1,9.996500,0
2020-08-25,sh.603906,31.9400,32.2300,30.1800,30.7000,31.6900,6364020,197113013.6500,3,2.114400,1,-3.124000,0
2020-08-26,sh.603906,30.6500,30.9600,29.5000,29.9000,30.7000,4832935,145531202.5800,3,1.605700,1,-2.605900,0
2020-08-27,sh.603906,30.1900,31.1900,29.3500,29.8000,29.9000,5231704,157868607.6400,3,1.738200,1,-0.334400,0
2020-08-28,sh.603906,29.6400,30.3600,29.1800,30.0600,29.8000,3554554,105588975.9600,3,1.181000,1,0.872500,0
2020-08-31,sh.603906,30.3400,30.8300,29.1200,29.1500,30.0600,4802973,142764767.2400,3,1.595700,1,-3.027300,0
2020-09-01,sh.603906,28.9100,29.2800,27.5000,27.9400,29.1500,6675279,188481056.1900,3,2.217800,1,-4.150900,0
2020-09-02,sh.603906,28.2100,29.1000,27.1500,28.6600,27.9400,6024787,169129343.9500,3,2.001700,1,2.577000,0
2020-09-03,sh.603906,28.6600,30.1500,28.4600,29.2400,28.6600,5178880,152197974.0200,3,1.720600,1,2.023700,0
2020-09-04,sh.603906,28.2300,29.5000,27.5700,29.2000,29.2400,4784664,136740952.5200,3,1.589600,1,-0.136800,0
2020-09-07,sh.603906,28.8800,30.0800,27.5000,28.3000,29.2000,4197027,122529860.4000,3,1.394400,1,-3.082200,0
2020-09-08,sh.603906,28.1000,28.8500,26.8000,27.6100,28.3000,5488219,152021897.8900,3,1.823400,1,-2.438200,0
2020-09-09,sh.603906,27.2400,27.5000,25.6800,26.3600,27.6100,6238587,165955748.1700,3,2.072700,1,-4.527300,0
2020-09-10,sh.603906,26.5100,28.0000,25.3000,25.4500,26.3600,3790204,99630867.7600,3,1.259300,1,-3.452200,0
2020-09-11,sh.603906,25.7900,25.7900,24.6500,25.0500,25.4500,4696141,117539463.9500,3,1.560200,1,-1.571700,0
2020-09-14,sh.603906,25.1000,26.2000,24.2400,24.9900,25.0500,5403136,135440160.2000,3,1.795100,1,-0.239500,0
2020-09-15,sh.603906,25.0000,26.5500,24.7300,26.0100,24.9900,5727414,147104607.0400,3,1.902900,1,4.081600,0
2020-09-16,sh.603906,26.0100,26.6300,25.3200,25.6300,26.0100,2357299,60908870.9500,3,0.783200,1,-1.461000,0
2020-09-17,sh.603906,25.6000,28.0200,25.0200,27.3200,25.6300,5371295,142766929.4300,3,1.784500,1,6.593800,0
2020-09-18,sh.603906,27.3400,28.5000,26.8800,28.0700,27.3200,4613055,126952465.2100,3,1.532600,1,2.745200,0
2020-09-21,sh.603906,27.9000,28.0100,27.1500,27.6800,28.0700,2908591,80031372.5500,3,0.966300,1,-1.389400,0
2020-09-22,sh.603906,27.0100,27.4900,26.1000,26.1700,27.6800,2910056,77277604.7600,3,0.966800,1,-5.455200,0
2020-09-23,sh.603906,26.5800,26.7800,25.5000,26.5000,26.1700,3026812,79161537.2700,3,1.005600,1,1.261000,0
2020-09-24,sh.603906,26.0600,26.5000,25.6100,25.8100,26.5000,2729320,71060423.8800,3,0.906800,1,-2.603800,0
2020-09-25,sh.603906,26.1000,26.1400,25.3000,25.8000,25.8100,2145036,55025687.5200,3,0.712700,1,-0.038700,0
2020-09-28,sh.603906,25.8700,25.9700,24.8000,25.2400,25.8000,2805593,70508541.8900,3,0.932100,1,-2.170500,0
2020-09-29,sh.603906,25.3900,26.2300,24.9100,26.1300,25.2400,2321000,59859259.8700,3,0.771100,1,3.526100,0
2020-09-30,sh.603906,25.9200,27.2200,25.7000,26.7000,26.1300,2785721,74365103.6500,3,0.925500,1,2.181400,0
2020-10-09,sh.603906,27.4900,28.0000,26.4500,27.3500,26.7000,3980556,108134138.6200,3,1.322500,1,2.434500,0
2020-10-12,sh.603906,27.6000,28.6300,26.9300,26.9800,27.3500,4591108,126889867.7900,3,1.525300,1,-1.352800,0
2020-10-13,sh.603906,27.0000,28.2400,26.0600,28.0200,26.9800,5467176,148036875.6000,3,1.816400,1,3.854700,0
2020-10-14,sh.603906,27.6600,27.6800,26.7800,26.9100,28.0200,4589966,124366925.9200,3,1.525000,1,-3.961500,0
2020-10-15,sh.603906,26.9100,27.3200,25.8800,25.9000,26.9100,3504506,92099994.9600,3,1.164300,1,-3.753300,0
2020-10-16,sh.603906,25.9000,25.9300,24.3000,24.6900,25.9000,4145866,103229640.3000,3,1.377400,1,-4.671800,0
2020-10-19,sh.603906,24.9000,25.8000,24.5600,25.1100,24.6900,4217253,105462727.5600,3,1.401100,1,1.701100,0
2020-10-20,sh.603906,25.3000,25.3900,24.6000,24.9600,25.1100,3013068,75196620.9600,3,1.001100,1,-0.597400,0
2020-10-21,sh.603906,25.4000,25.4000,24.2600,24.6300,24.9600,2321372,56961912.0700,3,0.771200,1,-1.322100,0
2020-10-22,sh.603906,24.4000,25.1400,23.8000,25.0200,24.6300,2475752,60972275.3600,3,0.822500,1,1.583400,0
2020-10-23,sh.603906,24.9800,25.5200,24.0000,24.3600,25.0200,2455644,60858567.0200,3,0.815900,1,-2.637900,0
2020-10-26,sh.603906,23.7400,24.6900,22.8800,24.6300,24.3600,3077256,73994369.8700,3,1.022400,1,1.108400,0
2020-10-27,sh.603906,24.5900,24.8700,24.0400,24.5800,24.6300,1198272,29475291.9200,3,0.398100,1,-0.203000,0
2020-10-28,sh.603906,25.5600,26.1200,23.6800,24.0000,24.5800,5855753,144430914.1400,3,1.945500,1,-2.359600,0
2020-10-29,sh.603906,23.4600,23.8900,22.3100,22.6000,24.0000,7541168,172709062.4000,3,2.505500,1,-5.833300,0
2020-10-30,sh.603906,22.1000,22.4400,21.0000,21.8200,22.6000,10740842,233028446.6000,3,3.568500,1,-3.451300,0
2020-11-02,sh.603906,21.5600,23.5300,20.9000,23.0300,21.8200,11772503,260710378.6900,3,3.757000,1,5.545400,0
2020-11-03,sh.603906,22.7700,23.9300,22.1900,23.7000,23.0300,7528217,174172346.3800,3,2.402500,1,2.909200,0
2020-11-04,sh.603906,23.3000,24.0000,23.1600,23.7100,23.7000,5022289,119142864.6900,3,1.602800,1,0.042200,0
2020-11-05,sh.603906,24.0600,25.8000,23.3100,24.7000,23.7100,11921834,294660176.6700,3,3.804600,1,4.175500,0
2020-11-06,sh.603906,24.2800,24.6900,23.2500,24.3000,24.7000,8232318,195982250.5100,3,2.627200,1,-1.619400,0
2020-11-09,sh.603906,24.0000,25.4600,23.5100,24.5000,24.3000,6843766,167412607.8600,3,2.084200,1,0.823000,0
2020-11-10,sh.603906,24.6400,26.0800,24.2100,25.5100,24.5000,8713551,220673468.1900,3,2.653700,1,4.122400,0
2020-11-11,sh.603906,25.5000,26.8000,25.0000,25.5200,25.5100,7206685,186794724.4800,3,2.194800,1,0.039200,0
2020-11-12,sh.603906,25.1000,26.2000,24.9000,25.7400,25.5200,4951090,127287644.8000,3,1.507800,1,0.862100,0
2020-11-13,sh.603906,25.6300,26.4900,25.4400,25.9700,25.7400,4302587,111137906.2800,3,1.310300,1,0.893600,0
2020-11-16,sh.603906,25.9300,26.1700,25.0700,25.3900,25.9700,3938482,99958171.2500,3,1.199400,1,-2.233300,0
2020-11-17,sh.603906,25.5000,25.5000,24.2500,24.7600,25.3900,5354765,132610516.0200,3,1.630800,1,-2.481300,0
2020-11-18,sh.603906,24.8600,25.3000,24.6100,25.2400,24.7600,3468772,86350065.9200,3,1.056400,1,1.938600,0
2020-11-19,sh.603906,24.9000,27.4400,24.9000,26.5700,25.2400,8784383,233521161.4900,3,2.623900,1,5.269400,0
2020-11-20,sh.603906,26.6600,26.9500,26.0600,26.6600,26.5700,5543150,147215463.7400,3,1.655700,1,0.338700,0
2020-11-23,sh.603906,26.8200,28.5400,26.5600,28.0800,26.6600,9373801,259257267.8000,3,2.799900,1,5.326300,0
2020-11-24,sh.603906,28.2900,29.8700,27.7000,29.7400,28.0800,8114572,236594742.5400,3,2.423800,1,5.911700,0
2020-11-25,sh.603906,29.4500,29.7600,27.1500,28.1100,29.7400,10290421,290264754.2800,3,3.073700,1,-5.480800,0
2020-11-26,sh.603906,27.6400,29.4500,27.1400,29.0600,28.1100,9592504,274559916.9200,3,2.865300,1,3.379600,0
2020-11-27,sh.603906,28.8000,29.2600,28.3000,28.9300,29.0600,5431281,156147426.1800,3,1.622300,1,-0.447400,0
2020-11-30,sh.603906,28.9500,29.0400,27.1600,28.4100,28.9300,5559267,157620060.9300,3,1.660500,1,-1.797400,0
2020-12-01,sh.603906,28.0700,28.7100,27.2600,28.3000,28.4100,6134304,172503238.5000,3,1.798800,1,-0.387200,0
2020-12-02,sh.603906,28.5700,28.5700,26.5900,27.9900,28.3000,8256509,226173342.3500,3,2.421100,1,-1.095400,0
2020-12-03,sh.603906,28.1800,28.6500,27.3800,28.1200,27.9900,4258537,118824988.0000,3,1.248800,1,0.464500,0
2020-12-04,sh.603906,27.9600,28.8200,27.8100,28.7200,28.1200,4085394,116156566.4900,3,1.198000,1,2.133700,0
2020-12-07,sh.603906,28.5500,30.1900,28.5000,29.3900,28.7200,6385295,188621856.6000,3,1.872400,1,2.332900,0
2020-12-08,sh.603906,29.1700,29.6900,28.1300,29.2200,29.3900,3968324,115532566.2500,3,1.163700,1,-0.578400,0
2020-12-09,sh.603906,29.1600,30.0700,28.2600,28.4100,29.2200,3785766,111000156.4600,3,1.110100,1,-2.772100,0
2020-12-10,sh.603906,28.6500,28.8100,27.7700,28.2500,28.4100,4598904,130089131.9300,3,1.348600,1,-0.563200,0
2020-12-11,sh.603906,28.1000,28.4500,26.2100,26.6800,28.2500,5891905,160025841.1600,3,1.718100,1,-5.557500,0
2020-12-14,sh.603906,26.9500,27.1600,26.3900,26.7800,26.6800,3167059,84752677.7400,3,0.923500,1,0.374800,0
2020-12-15,sh.603906,26.9900,28.5000,26.6700,28.4000,26.7800,3991056,110278388.4400,3,1.163800,1,6.049300,0
2020-12-16,sh.603906,28.0400,28.6000,27.6800,28.4100,28.4000,3003582,84790555.2200,3,0.875900,1,0.035200,0
2020-12-17,sh.603906,28.5000,28.9400,28.3100,28.6300,28.4100,2744881,78685094.8700,3,0.800400,1,0.774400,0
2020-12-18,sh.603906,28.5000,29.4600,27.9000,28.7400,28.6300,3075371,88359301.2800,3,0.896800,1,0.384200,0
2020-12-21,sh.603906,28.6000,28.9800,27.0000,28.3500,28.7400,4329525,122824427.4900,3,1.262500,1,-1.357000,0
2020-12-22,sh.603906,28.1600,28.8600,27.3000,27.9200,28.3500,4259144,119489816.9300,3,1.242000,1,-1.516800,0
2020-12-23,sh.603906,27.9000,28.0200,26.8100,27.4000,27.9200,4950474,135470755.4800,3,1.443600,1,-1.862500,0
2020-12-24,sh.603906,27.1300,27.6100,24.9100,25.0000,27.4000,10358090,268873153.9900,3,3.020500,1,-8.759100,0
2020-12-25,sh.603906,25.1600,26.4900,25.1600,26.1500,25.0000,7568184,196217318.4400,3,2.206900,1,4.600000,0
2020-12-28,sh.603906,28.7700,28.7700,28.7700,28.7700,26.1500,6265100,180246927.0000,3,1.826900,1,10.019100,0
2020-12-29,sh.603906,31.6500,31.6500,29.2000,31.6500,28.7700,20087815,623531959.4700,3,5.857700,1,10.010400,0
2020-12-30,sh.603906,31.6300,32.5000,29.1800,30.5900,31.6500,17373554,532471720.9200,3,5.066200,1,-3.349100,0
2020-12-31,sh.603906,30.2100,33.6500,30.2100,33.6500,30.5900,12678917,409674040.2400,3,3.697200,1,10.003300,0
2021-01-04,sh.603906,34.8800,35.5800,31.8500,34.1000,33.6500,19532403,658527207.5000,3,5.695700,1,1.337300,0
2021-01-05,sh.603906,33.0200,33.5000,30.6900,32.3800,34.1000,17515709,558174320.8100,3,5.107700,1,-5.044000,0
2021-01-06,sh.603906,32.0600,32.3700,29.1400,29.1400,32.3800,15598279,467487580.8100,3,4.548500,1,-10.006200,0
2021-01-07,sh.603906,28.1900,28.9100,27.1900,28.0000,29.1400,12039754,338113183.3400,3,3.510900,1,-3.912100,0
2021-01-08,sh.603906,28.0000,29.9600,27.9200,29.6100,28.0000,8756359,254217743.4000,3,2.553400,1,5.750000,0
2021-01-11,sh.603906,29.5000,29.5000,27.9000,28.6600,29.6100,6540623,186548338.8100,3,1.907300,1,-3.208400,0
2021-01-12,sh.603906,28.0500,29.1600,27.9600,28.3000,28.6600,5359763,152490736.3400,3,1.562900,1,-1.256100,0
2021-01-13,sh.603906,28.2300,28.2800,27.4500,27.7200,28.3000,6556430,181780779.9400,3,1.911900,1,-2.049500,0
2021-01-14,sh.603906,28.1000,28.1000,26.2400,27.0000,27.7200,4978968,134129960.6900,3,1.451900,1,-2.597400,0
2021-01-15,sh.603906,28.0100,29.7000,27.6200,29.7000,27.0000,8889979,255565112.2300,3,2.592400,1,10.000000,0
2021-01-18,sh.603906,30.1100,32.5000,30.1100,31.7700,29.7000,12020989,379159572.1900,3,3.505400,1,6.969700,0
2021-01-19,sh.603906,31.7600,32.6500,31.3800,32.0200,31.7700,7042520,225166095.3500,3,2.053600,1,0.786900,0
2021-01-20,sh.603906,32.3800,33.3000,31.3000,32.5800,32.0200,8401456,273342865.9000,3,2.449900,1,1.748900,0
2021-01-21,sh.603906,33.1400,34.8000,32.4700,33.8300,32.5800,9246416,312025278.4800,3,2.696300,1,3.836700,0
2021-01-22,sh.603906,33.9500,34.5800,31.8200,32.3000,33.8300,10945192,362434539.3700,3,3.191700,1,-4.522600,0
2021-01-25,sh.603906,32.1200,34.7800,30.8000,33.7500,32.3000,13350754,433638813.2100,3,3.893100,1,4.489200,0
2021-01-26,sh.603906,34.0000,34.5000,32.2000,33.4200,33.7500,6256127,208510894.7700,3,1.824300,1,-0.977800,0
2021-01-27,sh.603906,33.3800,34.1000,31.1000,32.3200,33.4200,7226162,234137408.3200,3,2.107200,1,-3.291400,0
2021-01-28,sh.603906,31.9500,32.7900,31.0000,31.2700,32.3200,5502728,175876174.3600,3,1.604600,1,-3.248800,0
2021-01-29,sh.603906,31.3300,32.0200,29.7300,30.2400,31.2700,5796636,177733999.4000,3,1.690300,1,-3.293900,0
2021-02-01,sh.603906,30.6800,32.3200,29.7000,31.8000,30.2400,5797288,182412130.5500,3,1.690500,1,5.158700,0
2021-02-02,sh.603906,31.9500,33.7100,30.6700,33.1400,31.8000,5932686,193126798.7300,3,1.730000,1,4.213800,0
2021-02-03,sh.603906,33.0700,33.1400,31.0700,31.3700,33.1400,5591405,178192080.5100,3,1.630500,1,-5.341000,0
2021-02-04,sh.603906,31.9000,32.1000,29.0000,30.5800,31.3700,6633127,201394939.1100,3,1.934300,1,-2.518300,0
2021-02-05,sh.603906,30.0000,30.6000,28.6200,29.7000,30.5800,6918831,203935728.9100,3,2.017600,1,-2.877700,0
2021-02-08,sh.603906,30.2000,30.2000,28.3500,29.0000,29.7000,4252280,123873620.2000,3,1.240000,1,-2.356900,0
2021-02-09,sh.603906,28.7800,29.9500,28.6000,29.6100,29.0000,3087581,90901442.8700,3,0.900400,1,2.103400,0
2021-02-10,sh.603906,29.2100,29.9200,28.8400,29.8700,29.6100,3635185,106468512.6500,3,1.060000,1,0.878100,0
2021-02-18,sh.603906,30.4000,30.8000,28.0100,28.2000,29.8700,6230348,179549449.7600,3,1.816800,1,-5.590900,0
2021-02-19,sh.603906,27.9600,30.8500,27.5600,30.8400,28.2000,7468960,218747858.9500,3,2.178000,1,9.361700,0
2021-02-22,sh.603906,30.8500,30.8500,29.6700,30.2900,30.8400,5670469,171143804.8000,3,1.653500,1,-1.783400,0
2021-02-23,sh.603906,30.1200,30.1200,28.5100,29.0900,30.2900,5382684,157249558.4100,3,1.569600,1,-3.961700,0
2021-02-24,sh.603906,28.6800,30.3600,28.3600,29.1800,29.0900,5843302,171890100.2500,3,1.703900,1,0.309400,0
2021-02-25,sh.603906,29.5000,29.5000,28.0000,28.4300,29.1800,4017801,114145618.4000,3,1.171600,1,-2.570300,0
2021-02-26,sh.603906,26.0000,28.3800,25.9900,27.9500,28.4300,5863395,159401379.4000,3,1.709800,1,-1.688400,0
2021-03-01,sh.603906,27.6700,28.7500,27.5400,28.3800,27.9500,3469968,98035626.2500,3,1.011900,1,1.538500,0
2021-03-02,sh.603906,28.3300,28.5200,27.5800,27.7800,28.3800,2228608,62359903.7200,3,0.649900,1,-2.114200,0
2021-03-03,sh.603906,28.2500,28.3800,27.5500,28.1100,27.7800,2419523,67593881.5400,3,0.705500,1,1.187900,0
2021-03-04,sh.603906,28.3100,29.0800,27.0200,27.1900,28.1100,4555934,128224919.1800,3,1.328500,1,-3.272900,0
2021-03-05,sh.603906,26.8700,27.4900,26.3000,27.3300,27.1900,3378030,90750710.1500,3,0.985100,1,0.514900,0
2021-03-08,sh.603906,27.3000,27.5100,26.4900,26.4900,27.3300,2438758,65754790.9500,3,0.711200,1,-3.073500,0
2021-03-09,sh.603906,26.4900,26.5100,24.8500,25.5900,26.4900,2848161,73317634.7100,3,0.830500,1,-3.397500,0
2021-03-10,sh.603906,25.9000,26.1900,24.9900,25.0300,25.5900,2566550,65195155.6500,3,0.748400,1,-2.188400,0
2021-03-11,sh.603906,25.4800,26.9500,24.7600,26.9500,25.0300,3539066,92077714.0100,3,1.032000,1,7.670800,0
2021-03-12,sh.603906,26.8000,27.5400,26.0500,26.4500,26.9500,4830783,129520859.0500,3,1.408700,1,-1.855300,0
2021-03-15,sh.603906,26.3800,26.3800,25.5100,25.8000,26.4500,3030386,78453928.1700,3,0.883700,1,-2.457500,0
2021-03-16,sh.603906,25.7200,25.8000,25.0800,25.1300,25.8000,3232455,81894397.5800,3,0.942600,1,-2.596900,0
2021-03-17,sh.603906,25.1500,27.2600,24.8300,26.6900,25.1300,4443111,116391342.7800,3,1.295600,1,6.207700,0
2021-03-18,sh.603906,26.7200,27.4000,26.3100,27.3600,26.6900,3486975,94175314.7700,3,1.016800,1,2.510300,0
2021-03-19,sh.603906,26.6700,28.8000,26.6200,28.4000,27.3600,6291241,176765719.6900,3,1.834600,1,3.801200,0
2021-03-22,sh.603906,28.6000,30.3200,28.6000,29.8500,28.4000,6045468,180315271.6000,3,1.762900,1,5.105600,0
2021-03-23,sh.603906,29.8400,30.5000,28.5800,28.8700,29.8500,3568637,104944758.2500,3,1.040600,1,-3.283100,0
2021-03-24,sh.603906,28.6300,29.3000,27.3500,28.5200,28.8700,3773000,106069594.1100,3,1.100200,1,-1.212300,0
2021-03-25,sh.603906,28.2100,30.3600,28.0600,29.9400,28.5200,4432971,132047097.7600,3,1.292700,1,4.979000,0
2021-03-26,sh.603906,30.1900,30.5900,29.6900,30.3800,29.9400,3898528,118185028.1400,3,1.136800,1,1.469600,0
2021-03-29,sh.603906,31.2000,31.3100,29.6600,30.6500,30.3800,3780784,115969672.7800,3,1.102500,1,0.888700,0
2021-03-30,sh.603906,30.4000,30.9500,29.4100,30.1800,30.6500,3973396,119314041.6300,3,1.158700,1,-1.533400,0
2021-03-31,sh.603906,29.6000,30.2000,29.4000,29.9500,30.1800,3748817,112119700.7900,3,1.093200,1,-0.762100,0
2021-04-01,sh.603906,30.2500,31.9000,30.2500,30.9400,29.9500,5648068,175424880.9200,3,1.647000,1,3.305500,0
2021-04-02,sh.603906,30.5100,31.1700,30.0400,30.3600,30.9400,3537080,107916939.8800,3,1.027200,1,-1.874600,0
2021-04-06,sh.603906,30.9800,31.2600,29.6300,29.9800,30.3600,2259793,68160755.1800,3,0.656200,1,-1.251600,0
2021-04-07,sh.603906,29.7000,29.7600,28.8200,29.4600,29.9800,2925053,85461138.3000,3,0.849400,1,-1.734500,0
2021-04-08,sh.603906,29.4400,30.0500,28.8000,29.1800,29.4600,2731652,80619942.4200,3,0.793300,1,-0.950400,0
2021-04-09,sh.603906,29.0400,29.8800,28.9100,29.4900,29.1800,1978947,58151762.8700,3,0.574700,1,1.062400,0
2021-04-12,sh.603906,29.3000,31.8800,29.1100,31.2200,29.4900,7013803,217539096.1900,3,2.036800,1,5.866400,0
2021-04-13,sh.603906,30.5000,31.4700,29.9000,31.0000,31.2200,3298506,101471935.3000,3,0.957900,1,-0.704700,0
2021-04-14,sh.603906,31.3100,32.2700,30.3900,31.0900,31.0000,4139304,129327559.5500,3,1.202100,1,0.290300,0
2021-04-15,sh.603906,31.0000,31.3000,30.6600,31.0900,31.0900,1715285,53227919.8600,3,0.498100,1,0.000000,0
2021-04-16,sh.603906,31.0000,31.2700,30.4000,30.8500,31.0900,2101748,64818197.8400,3,0.610400,1,-0.772000,0
2021-04-19,sh.603906,30.5000,32.6000,30.2400,32.2300,30.8500,4270625,135417672.6100,3,1.240200,1,4.473300,0
2021-04-20,sh.603906,31.9700,32.9800,31.7300,32.3800,32.2300,3231416,104723098.4100,3,0.938400,1,0.465400,0
2021-04-21,sh.603906,32.4400,33.5300,31.3600,33.0600,32.3800,7391957,241116111.8200,3,2.146600,1,2.100100,0
2021-04-22,sh.603906,33.5100,34.7500,33.1300,34.3100,33.0600,6143857,209329639.3900,3,1.784200,1,3.781000,0
2021-04-23,sh.603906,34.0300,34.5600,33.5600,34.0500,34.3100,4297608,146145032.6900,3,1.248000,1,-0.757800,0
2021-04-26,sh.603906,34.0900,34.2000,30.6500,32.0000,34.0500,8890111,286213045.9200,3,2.581700,1,-6.020600,0
2021-04-27,sh.603906,31.9900,32.1300,29.3000,31.1700,32.0000,8887917,270105161.6900,3,2.581100,1,-2.593800,0
2021-04-28,sh.603906,31.0700,31.4100,29.8500,30.4600,31.1700,3819416,116903892.9800,3,1.109200,1,-2.277800,0
2021-04-29,sh.603906,30.7700,31.6500,30.5000,31.0200,30.4600,2617069,81528661.6000,3,0.760000,1,1.838500,0
2021-04-30,sh.603906,30.8400,31.1300,30.0000,31.1300,31.0200,2703565,82843633.9400,3,0.785100,1,0.354600,0
2021-05-06,sh.603906,31.0500,31.0500,29.5000,29.7600,31.1300,3551641,106284207.6700,3,1.031400,1,-4.400900,0
2021-05-07,sh.603906,29.7700,30.2000,28.7500,28.9100,29.7600,3099624,90558662.6300,3,0.900100,1,-2.856200,0
2021-05-10,sh.603906,20.7200,20.8000,19.3300,19.9300,20.5200,10180748,201717718.8400,3,2.111800,1,-2.875200,0
2021-05-11,sh.603906,19.7900,20.2200,18.9900,20.0200,19.9300,8517298,165850828.2200,3,1.766700,1,0.451600,0
2021-05-12,sh.603906,19.7900,19.9500,19.0000,19.8200,20.0200,6979643,135826989.4100,3,1.447800,1,-0.999000,0
2021-05-13,sh.603906,19.6100,20.2900,19.2200,19.4600,19.8200,5646086,111768408.0500,3,1.171200,1,-1.816300,0
2021-05-14,sh.603906,19.4600,19.7100,19.2100,19.3200,19.4600,4777959,92733782.3800,3,0.991100,1,-0.719400,0
2021-05-17,sh.603906,19.3800,20.5800,19.2600,20.4600,19.3200,7370590,148000353.9700,3,1.528900,1,5.900600,0
2021-05-18,sh.603906,20.6800,21.3500,20.1000,21.0000,20.4600,6224069,130108701.0100,3,1.291100,1,2.639300,0
2021-05-19,sh.603906,20.9900,21.9500,20.6500,21.6300,21.0000,6600941,141828068.4100,3,1.369200,1,3.000000,0
2021-05-20,sh.603906,21.6300,21.9000,21.1500,21.5500,21.6300,4522480,97093662.8400,3,0.938100,1,-0.369900,0
2021-05-21,sh.603906,21.3600,23.7100,20.8500,23.7100,21.5500,11889710,267168763.6500,3,2.466300,1,10.023200,0
2021-05-24,sh.603906,24.1000,24.5000,22.7200,24.1500,23.7100,11163669,263743045.5200,3,2.315700,1,1.855800,0
2021-05-25,sh.603906,23.8800,24.0700,23.2000,23.7000,24.1500,6824603,160684979.1200,3,1.415600,1,-1.863400,0
2021-05-26,sh.603906,23.8400,26.0700,23.8400,26.0700,23.7000,8370642,212904146.0300,3,1.736300,1,10.000000,0
2021-05-27,sh.603906,26.9500,28.6600,25.8000,26.1000,26.0700,13747368,368420573.5800,3,2.851600,1,0.115100,0
2021-05-28,sh.603906,26.2800,28.6200,25.6000,28.2800,26.1000,16686091,461079925.9100,3,3.461200,1,8.352500,0
2021-05-31,sh.603906,28.2800,28.9500,27.6800,28.8500,28.2800,13037305,369640431.2900,3,2.704300,1,2.015600,0
2021-06-01,sh.603906,28.4000,29.1600,27.0000,27.7400,28.8500,11182879,311929578.2200,3,2.319700,1,-3.847500,0
2021-06-02,sh.603906,27.4300,28.3900,27.4300,27.7200,27.7400,6583094,184421471.0000,3,1.365500,1,-0.072100,0
2021-06-03,sh.603906,27.9400,28.1000,26.7500,27.6100,27.7200,6791998,186864580.5300,3,1.408900,1,-0.396800,0
2021-06-04,sh.603906,27.9600,30.3700,27.4400,30.3700,27.6100,16316337,482373625.6300,3,3.384500,1,9.996400,0
2021-06-07,sh.603906,30.4900,31.5000,28.1000,30.0000,30.3700,17088572,506804794.3900,3,3.544700,1,-1.218300,0
2021-06-08,sh.603906,29.6900,31.1000,29.3800,29.9800,30.0000,7728282,232416098.7900,3,1.603100,1,-0.066700,0
2021-06-09,sh.603906,29.6600,31.5600,29.1300,30.9800,29.9800,8045317,247540367.4000,3,1.668800,1,3.335600,0
2021-06-10,sh.603906,30.5400,32.0900,30.0000,31.3300,30.9800,6675096,207267207.4900,3,1.384600,1,1.129800,0
2021-06-11,sh.603906,30.4200,33.0200,30.3800,32.2800,31.3300,9437880,302029742.9600,3,1.957700,1,3.032200,0
2021-06-15,sh.603906,31.8600,32.5700,31.1700,31.8800,32.2800,5688383,179682956.5600,3,1.179900,1,-1.239200,0
2021-06-16,sh.603906,31.9400,32.0900,29.4500,30.3700,31.8800,7139897,217513829.4900,3,1.481000,1,-4.736500,0
2021-06-17,sh.603906,30.3700,30.8000,28.5000,29.5000,30.3700,9211308,271871164.0700,3,1.910700,1,-2.864700,0
2021-06-18,sh.603906,29.7300,30.5000,29.3300,30.3000,29.5000,5363279,160764800.9300,3,1.112500,1,2.711900,0
2021-06-21,sh.603906,30.0200,30.3800,29.2900,30.2000,30.3000,5333876,159412703.3400,3,1.106400,1,-0.330000,0
2021-06-22,sh.603906,30.2400,30.4000,28.4900,29.5000,30.2000,8039616,234043070.9700,3,1.667700,1,-2.317900,0
2021-06-23,sh.603906,29.4000,31.2400,28.6200,30.4500,29.5000,8161629,246474715.2500,3,1.693000,1,3.220300,0
2021-06-24,sh.603906,30.7800,31.2700,29.6200,31.2100,30.4500,6528712,199208120.7600,3,1.354200,1,2.495900,0
2021-06-25,sh.603906,30.9000,34.3300,30.9000,34.3300,31.2100,9307775,308447653.1300,3,1.930700,1,9.996800,0
2021-06-28,sh.603906,34.2500,34.2500,32.2600,34.1100,34.3300,6089460,205223060.0700,3,1.263100,1,-0.640800,0
2021-06-29,sh.603906,34.1000,35.4600,33.5000,35.1700,34.1100,6202961,214998859.4500,3,1.286700,1,3.107600,0
2021-06-30,sh.603906,35.1000,35.4300,33.5600,35.0000,35.1700,7037411,242698696.9700,3,1.459800,1,-0.483400,0
2021-07-01,sh.603906,34.0100,34.6300,32.6000,34.1000,35.0000,6070404,202650844.0700,3,1.259200,1,-2.571400,0
2021-07-02,sh.603906,33.1000,34.4200,32.7000,34.1500,34.1000,4083371,138314700.5900,3,0.847000,1,0.146600,0
2021-07-05,sh.603906,34.4500,35.3500,32.6000,33.4200,34.1500,7378056,251116510.7800,3,1.530400,1,-2.137600,0
2021-07-06,sh.603906,33.2600,34.3700,32.2400,33.0000,33.4200,5141232,170100200.4600,3,1.066400,1,-1.256700,0
2021-07-07,sh.603906,33.0000,34.7800,32.3100,34.3700,33.0000,5615313,188999873.9800,3,1.164800,1,4.151500,0
2021-07-08,sh.603906,34.8700,36.6000,34.5000,35.6300,34.3700,7570406,269175208.1300,3,1.570300,1,3.666000,0
2021-07-09,sh.603906,35.3500,36.2000,33.9100,35.1500,35.6300,6339109,222383941.8300,3,1.314900,1,-1.347200,0
2021-07-12,sh.603906,36.1900,37.9300,35.6600,37.6000,35.1500,8363180,311054593.2400,3,1.734800,1,6.970100,0
2021-07-13,sh.603906,37.7400,40.2500,37.6500,39.6500,37.6000,11044906,429912368.9400,3,2.291000,1,5.452100,0
2021-07-14,sh.603906,40.2000,43.6200,40.2000,41.3900,39.6500,15869398,670086129.9600,3,3.291800,1,4.388400,0
2021-07-15,sh.603906,39.4700,43.1200,39.3500,43.0000,41.3900,11846314,495428896.7100,3,2.457300,1,3.889800,0
2021-07-16,sh.603906,43.1000,43.6200,41.5000,41.6000,43.0000,7394870,312589038.0900,3,1.533900,1,-3.255800,0
2021-07-19,sh.603906,41.5000,42.8500,39.3000,39.6900,41.6000,8566572,349321054.6300,3,1.777000,1,-4.591300,0
2021-07-20,sh.603906,39.6800,41.2000,38.9600,40.3500,39.6900,4926509,198758899.9800,3,1.021900,1,1.662900,0
2021-07-21,sh.603906,40.8000,44.3900,40.8000,44.3900,40.3500,7174447,315062055.0300,3,1.488200,1,10.012400,0
2021-07-22,sh.603906,45.6800,48.0000,44.3900,47.9500,44.3900,11839262,544633595.5200,3,2.455800,1,8.019800,0
2021-07-23,sh.603906,47.1000,47.7200,45.4800,45.8200,47.9500,7774512,360825387.7600,3,1.612700,1,-4.442100,0
2021-07-26,sh.603906,45.6300,46.2700,43.6600,44.7000,45.8200,5196995,232409503.2700,3,1.078000,1,-2.444300,0
2021-07-27,sh.603906,44.5000,46.4900,40.2300,40.2300,44.7000,11065648,472951376.4800,3,2.295300,1,-10.000000,0
2021-07-28,sh.603906,40.0300,40.2000,36.6500,37.9900,40.2300,11445688,435194528.7300,3,2.374200,1,-5.568000,0
2021-07-29,sh.603906,38.6200,41.7900,38.6200,41.7900,37.9900,5649187,230418271.1000,3,1.171800,1,10.002600,0
2021-07-30,sh.603906,43.8800,45.2700,40.5000,41.4400,41.7900,11830097,500836075.9600,3,2.453900,1,-0.837500,0
2021-08-02,sh.603906,42.4900,42.4900,38.6800,41.5000,41.4400,11574976,471583472.5300,3,2.401000,1,0.144800,0
2021-08-03,sh.603906,41.7000,43.2800,39.3100,40.0000,41.5000,9409113,387556050.3700,3,1.951700,1,-3.614500,0
2021-08-04,sh.603906,39.0700,43.8600,39.0700,43.4200,40.0000,7771547,325961207.7900,3,1.612000,1,8.550000,0
2021-08-05,sh.603906,44.0000,44.6300,42.3600,44.3500,43.4200,6208952,271697258.6000,3,1.287900,1,2.141900,0
2021-08-06,sh.603906,44.8000,46.2000,43.5000,44.9900,44.3500,7703602,345317244.8900,3,1.598000,1,1.443100,0
2021-08-09,sh.603906,43.9700,43.9900,40.8000,41.8000,44.9900,8177840,343468151.4800,3,1.696300,1,-7.090500,0
2021-08-10,sh.603906,41.8000,41.8000,39.5100,40.9900,41.8000,7237198,293893053.9900,3,1.501200,1,-1.937800,0
2021-08-11,sh.603906,40.2100,41.5500,39.5000,40.9500,40.9900,5450203,220709215.7000,3,1.130500,1,-0.097600,0
2021-08-12,sh.603906,40.9300,45.0500,40.5800,45.0500,40.9500,10977388,471138603.3200,3,2.277000,1,10.012200,0
2021-08-13,sh.603906,45.5000,48.6500,43.9000,47.0000,45.0500,15386946,720256592.4800,3,3.191700,1,4.328500,0
2021-08-16,sh.603906,46.5200,47.5000,43.0000,43.3500,47.0000,9622903,430476628.0600,3,1.996100,1,-7.766000,0
2021-08-17,sh.603906,43.3400,43.9200,39.2600,40.0000,43.3500,9717978,400074473.2300,3,2.015800,1,-7.727800,0
2021-08-18,sh.603906,40.7400,41.5000,37.6700,38.8000,40.0000,9493576,372335041.1900,3,1.969200,1,-3.000000,0
2021-08-19,sh.603906,38.8000,40.2000,37.6200,40.1600,38.8000,7093079,277543880.1800,3,1.471300,1,3.505200,0
2021-08-20,sh.603906,39.1800,40.1000,37.5000,38.4800,40.1600,7812116,299638569.2200,3,1.620500,1,-4.183300,0
2021-08-23,sh.603906,38.5800,41.0000,38.3400,40.3700,38.4800,7407563,296271211.5000,3,1.536500,1,4.911600,0
2021-08-24,sh.603906,41.0000,44.1000,40.5300,43.0000,40.3700,8445817,358911675.6500,3,1.751900,1,6.514700,0
2021-08-25,sh.603906,42.5000,42.9500,40.7300,42.0200,43.0000,8081318,336410680.0100,3,1.676300,1,-2.279100,0
2021-08-26,sh.603906,41.2500,41.9400,37.8200,38.0000,42.0200,17088363,667224609.9200,3,3.544600,1,-9.566900,0
2021-08-27,sh.603906,38.1800,39.3700,36.5200,38.9000,38.0000,11321666,433281558.4600,3,2.348400,1,2.368400,0
2021-08-30,sh.603906,39.6200,42.7900,39.0400,42.7900,38.9000,18163820,768022873.7100,3,3.767700,1,10.000000,0
2021-08-31,sh.603906,43.2700,45.4600,43.0000,43.9500,42.7900,21184802,932752485.7900,3,4.394400,1,2.710900,0
2021-09-01,sh.603906,43.8000,44.3200,39.5600,39.5600,43.9500,14773103,606371410.8800,3,3.064400,1,-9.988600,0
2021-09-02,sh.603906,37.2400,40.8500,37.2400,39.6000,39.5600,11072492,438762723.5700,3,2.296800,1,0.101100,0
2021-09-03,sh.603906,40.9500,42.0000,38.9800,41.5000,39.6000,13090283,528871286.6700,3,2.715300,1,4.798000,0
2021-09-06,sh.603906,41.0400,45.5500,40.5000,42.4600,41.5000,16517620,712626745.5900,3,3.426200,1,2.313300,0
2021-09-07,sh.603906,43.4000,43.8000,40.5000,42.1800,42.4600,11848964,496384213.5300,3,2.457800,1,-0.659400,0
2021-09-08,sh.603906,42.4500,42.4500,39.0100,39.8600,42.1800,16264048,650343697.1800,3,3.373600,1,-5.500200,0
2021-09-09,sh.603906,40.0000,40.3600,38.0600,38.8000,39.8600,11253228,439426753.6500,3,2.334300,1,-2.659300,0
2021-09-10,sh.603906,38.7900,40.0000,38.3000,39.7800,38.8000,8345208,327681628.7000,3,1.731000,1,2.525800,0
2021-09-13,sh.603906,41.0000,43.7600,39.9100,43.7600,39.7800,22971201,969296444.5000,3,4.764900,1,10.005000,0
2021-09-14,sh.603906,44.6800,46.8000,42.9200,45.4200,43.7600,23263900,1048796780.0400,3,4.825600,1,3.793400,0
2021-09-15,sh.603906,45.7000,49.9600,44.0000,49.9600,45.4200,13675754,643632768.7100,3,2.836800,1,9.995600,0
2021-09-16,sh.603906,52.3100,53.4600,45.8700,46.3700,49.9600,20505385,996124863.8500,3,4.253400,1,-7.185700,0
2021-09-17,sh.603906,46.2000,46.7300,44.0000,45.6400,46.3700,14228953,645441413.6600,3,2.951500,1,-1.574300,0
2021-09-22,sh.603906,45.0300,46.3700,43.5000,44.3000,45.6400,10942404,488688730.5300,3,2.269800,1,-2.936000,0
2021-09-23,sh.603906,45.1800,48.7300,43.9200,48.7300,44.3000,21973863,1036055746.7300,3,4.558000,1,10.000000,0
2021-09-24,sh.603906,48.6500,53.6000,47.1000,51.6000,48.7300,26777870,1378948701.5700,3,5.554500,1,5.889600,0
2021-09-27,sh.603906,53.3800,53.7900,46.4400,49.9200,51.6000,28136781,1418774580.6500,3,5.836400,1,-3.255800,0
2021-09-28,sh.603906,50.4500,51.0700,46.3200,47.5600,49.9200,11344243,543567872.3900,3,2.353100,1,-4.727600,0
2021-09-29,sh.603906,47.7600,49.2900,45.4000,45.7000,47.5600,9911829,466646487.2100,3,2.056000,1,-3.910800,0
2021-09-30,sh.603906,46.4300,50.2700,46.0100,50.2700,45.7000,9227955,449900100.1500,3,1.914200,1,10.000000,0
2021-10-08,sh.603906,52.2300,55.3000,50.3100,52.9900,50.2700,19081921,1004511586.3900,3,3.958200,1,5.410800,0
2021-10-11,sh.603906,54.3000,57.9000,52.0400,54.9500,52.9900,15963529,879052794.9100,3,3.311300,1,3.698800,0
2021-10-12,sh.603906,54.6100,54.9300,49.4600,49.4600,54.9500,13998723,717718650.4300,3,2.903700,1,-9.990900,0
2021-10-13,sh.603906,49.1500,51.5000,47.7500,51.4000,49.4600,14338859,714904416.9900,3,2.974300,1,3.922400,0
2021-10-14,sh.603906,50.8000,53.3400,49.5800,51.8000,51.4000,9177369,474061950.6600,3,1.903700,1,0.778200,0
2021-10-15,sh.603906,50.9400,54.5000,49.8000,53.4500,51.8000,10397009,548478074.8400,3,2.156600,1,3.185300,0
2021-10-18,sh.603906,53.5500,58.6000,51.2900,57.4500,53.4500,13717287,757431279.2600,3,2.845400,1,7.483600,0
2021-10-19,sh.603906,55.3000,56.6000,52.2000,54.6000,57.4500,18139696,983716473.7500,3,3.762700,1,-4.960800,0
2021-10-20,sh.603906,53.1300,55.4800,51.8000,51.9800,54.6000,16799971,897286681.8800,3,3.484800,1,-4.798500,0
2021-10-21,sh.603906,53.0000,56.5000,52.2300,55.0800,51.9800,18725950,1012934080.3200,3,3.884300,1,5.963800,0
2021-10-22,sh.603906,54.1800,59.0000,54.1800,54.6000,55.0800,16038394,904424455.5000,3,3.326800,1,-0.871500,0
2021-10-25,sh.603906,54.5000,60.0600,53.5000,59.0000,54.6000,23461618,1358216172.5500,3,4.866600,1,8.058600,0
2021-10-26,sh.603906,60.4100,64.9000,60.4100,62.8000,59.0000,26767201,1686906349.1500,3,5.552300,1,6.440700,0
2021-10-27,sh.603906,62.0000,69.0800,61.5400,67.0000,62.8000,24151986,1609288515.9100,3,5.009800,1,6.687900,0
2021-10-28,sh.603906,69.5000,71.0400,66.5000,68.5000,67.0000,17868709,1229444514.8700,3,3.706500,1,2.238800,0
2021-10-29,sh.603906,66.8900,71.0000,64.8900,70.5800,68.5000,14464997,983660878.5500,3,3.000500,1,3.036500,0
2021-11-01,sh.603906,66.0000,67.0600,63.5200,63.5200,70.5800,24563040,1576586530.8200,3,5.095100,1,-10.002800,0
2021-11-02,sh.603906,65.4900,66.8000,61.9200,65.0000,63.5200,16600933,1074570791.6500,3,3.443500,1,2.330000,0
2021-11-03,sh.603906,63.1000,64.4700,59.9600,61.0000,65.0000,16036251,990041963.0800,3,3.326400,1,-6.153800,0
2021-11-04,sh.603906,61.2800,62.4900,59.0000,59.9800,61.0000,16413427,994104065.5500,3,3.404600,1,-1.672100,0
2021-11-05,sh.603906,59.8800,59.8800,53.9800,54.6000,59.9800,23878555,1301939786.6400,3,4.953100,1,-8.969700,0
2021-11-08,sh.603906,53.0800,55.8200,53.0500,55.5200,54.6000,15855318,869254379.7400,3,3.288900,1,1.685000,0
2021-11-09,sh.603906,56.9500,60.4500,56.5700,57.7800,55.5200,18322344,1065928079.4700,3,3.800600,1,4.070600,0
2021-11-10,sh.603906,57.1200,57.6200,52.0000,52.0600,57.7800,21255070,1131773629.9500,3,4.408900,1,-9.899600,0
2021-11-11,sh.603906,51.9500,54.3800,48.0000,53.7000,52.0600,24366573,1223079025.8600,3,5.054300,1,3.150200,0
2021-11-12,sh.603906,52.0000,54.2000,50.4500,53.4200,53.7000,17952202,946252173.1000,3,3.723800,1,-0.521400,0
2021-11-15,sh.603906,53.1900,53.8000,52.1100,52.4500,53.4200,8981165,473960573.1200,3,1.863000,1,-1.815800,0
2021-11-16,sh.603906,51.9300,52.2300,49.0000,49.3300,52.4500,14864308,746533778.3100,3,3.083300,1,-5.948500,0
2021-11-17,sh.603906,49.9700,51.2300,48.8500,50.6300,49.3300,12245900,612618190.9800,3,2.540200,1,2.635300,0
2021-11-18,sh.603906,50.6000,52.3700,49.6000,50.7500,50.6300,11226482,572736638.1600,3,2.328700,1,0.237000,0
2021-11-19,sh.603906,49.5000,51.7700,49.2200,49.8200,50.7500,10464355,524198775.5900,3,2.170600,1,-1.832500,0
2021-11-22,sh.603906,50.5400,51.0000,46.8000,50.1800,49.8200,22687777,1108781019.6800,3,4.706100,1,0.722600,0
2021-11-23,sh.603906,49.9500,49.9500,47.8200,48.1600,50.1800,13575908,657766885.8600,3,2.816000,1,-4.025500,0
2021-11-24,sh.603906,47.9900,48.4900,45.6500,45.7400,48.1600,16527004,770846367.7700,3,3.428200,1,-5.024900,0
2021-11-25,sh.603906,45.7500,46.1800,44.7800,44.9000,45.7400,11533204,522698672.7500,3,2.392300,1,-1.836500,0
2021-11-26,sh.603906,44.8000,45.9000,44.5100,45.2000,44.9000,9815949,443352698.2300,3,2.036100,1,0.668200,0
2021-11-29,sh.603906,44.0000,49.7000,43.8000,48.6000,45.2000,22941270,1092489197.2800,3,4.758700,1,7.522100,0
2021-11-30,sh.603906,48.4100,51.4200,48.4100,49.3000,48.6000,16166405,805888784.7000,3,3.353400,1,1.440300,0
2021-12-01,sh.603906,49.3000,49.3000,46.3500,46.8900,49.3000,14106779,666256529.6700,3,2.926200,1,-4.888400,0
2021-12-02,sh.603906,46.8500,47.5000,45.8500,46.8900,46.8900,7922216,369472751.2900,3,1.643300,1,0.000000,0
2021-12-03,sh.603906,46.9400,47.2900,46.4600,46.6000,46.8900,6160284,288056228.9200,3,1.277800,1,-0.618500,0
2021-12-06,sh.603906,46.6400,47.1000,45.1900,45.6700,46.6000,7698494,352687939.2800,3,1.596900,1,-1.995700,0
2021-12-07,sh.603906,45.7000,45.8500,41.4000,41.7300,45.6700,18180616,777015357.1700,3,3.771200,1,-8.627100,0
2021-12-08,sh.603906,42.6200,42.6200,41.0000,42.2200,41.7300,11187456,468626675.6200,3,2.320600,1,1.174200,0
2021-12-09,sh.603906,42.1300,42.4000,41.0100,41.6300,42.2200,11426638,475081527.9100,3,2.370200,1,-1.397400,0
2021-12-10,sh.603906,41.7000,42.8500,41.3000,42.4200,41.6300,10773940,454287086.9600,3,2.234800,1,1.897700,0
2021-12-13,sh.603906,42.7000,44.0800,42.3000,43.0900,42.4200,14219230,613455753.6000,3,2.949500,1,1.579400,0
2021-12-14,sh.603906,42.8800,44.1800,42.4000,43.6200,43.0900,9397887,408377100.8300,3,1.949400,1,1.230000,0
2021-12-15,sh.603906,43.6300,43.9400,42.5500,42.7500,43.6200,6517599,280909727.0700,3,1.351900,1,-1.994500,0
2021-12-16,sh.603906,42.7600,43.1300,41.7800,42.7200,42.7500,6360809,270273729.8400,3,1.319400,1,-0.070200,0
2021-12-17,sh.603906,42.6900,42.9700,41.7000,42.1500,42.7200,6957359,292769162.1600,3,1.443200,1,-1.334300,0
2021-12-20,sh.603906,43.6000,45.2400,41.2200,42.7200,42.1500,17386876,747435517.4400,3,3.606600,1,1.352300,0
2021-12-21,sh.603906,42.2000,46.8000,42.1100,46.1900,42.7200,27947230,1262893067.7300,3,5.797100,1,8.122700,0
2021-12-22,sh.603906,46.2500,46.9900,44.0200,45.2000,46.1900,17152023,772828296.9100,3,3.557800,1,-2.143300,0
2021-12-23,sh.603906,44.9800,46.5400,44.3200,45.2800,45.2000,13502481,614619395.7700,3,2.800800,1,0.177000,0
2021-12-24,sh.603906,45.3300,45.4000,40.7500,40.7500,45.2800,23546847,979842763.1400,3,4.884300,1,-10.004400,0
2021-12-27,sh.603906,39.0000,39.8800,37.9000,38.6100,40.7500,21079731,819892850.7000,3,4.372600,1,-5.251500,0
2021-12-28,sh.603906,38.3000,39.3300,37.9600,38.3500,38.6100,15454291,594178112.6800,3,3.205700,1,-0.673400,0
2021-12-29,sh.603906,38.3800,38.4000,36.5000,37.9800,38.3500,12917667,484124583.1100,3,2.679500,1,-0.964800,0
2021-12-30,sh.603906,37.6000,38.1600,36.7800,36.9800,37.9800,10761753,400744980.9600,3,2.232300,1,-2.633000,0
2021-12-31,sh.603906,36.9900,37.3900,36.8300,37.0400,36.9800,7460392,276696901.6000,3,1.547500,1,0.162200,0
